category_small_code,product_code,product_name,product_img_url,brand_name
B004005,C3850931,[리퍼브] 공용 메탈 로고 레더 클러치 - 블랙 / 6676860SX0E1000,https://image.msscdn.net/images/goods_img/20240206/3850931/3850931_17073843854824_125.jpg,생로랑(SAINT
B004005,C3850903,[리퍼브] 공용 인트레치아토 스트랩 클러치 - 다크브라운 / 442242V001O2006,https://image.msscdn.net/images/goods_img/20240206/3850903/3850903_17073839592359_125.jpg,보테가베네타(BOTTEGA
B004005,C3850868,[리퍼브] 공용 로고 지퍼 클러치 - 블랙 / 683872BTY0N1000,https://image.msscdn.net/images/goods_img/20240206/3850868/3850868_17073842716664_125.jpg,생로랑(SAINT
B004005,C3731820,공용 라지 4 스티치 클러치 - 블랙 / SA2TT0002P4455T8013,https://image.msscdn.net/images/goods_img/20231124/3731820/3731820_17077816800464_125.jpg,메종
B004005,C3858940,블랙 그리드 패턴엠보 소가죽 DBBA4E279BK,https://image.msscdn.net/images/goods_img/20240208/3858940/3858940_17073721816136_125.jpg,닥스
B004005,C3852685,남자  클러치백 LO-3128-DBR,https://image.msscdn.net/images/goods_img/20240207/3852685/3852685_17072719295588_125.jpg,로터프(LOTUFF)
B004005,C3852599,남자 가죽 클러치백 LO-3128-BK,https://image.msscdn.net/images/goods_img/20240207/3852599/3852599_17072712134114_125.jpg,로터프(LOTUFF)
B004005,C3849885,미키마우스 파우치 가죽 클러치백 D30632BK,https://image.msscdn.net/images/goods_img/20240206/3849885/3849885_17071985018184_125.jpg,디즈니(Disney)
B004005,C3845593,크롭 클러치백 (T12E0ABG020MT2BDS),https://image.msscdn.net/images/goods_img/20240205/3845593/3845593_17070990112466_125.jpg,타미힐피거(TOMMY
B004005,C3837716,MAN 가방 PAULO Medium Brown 47000397,https://image.msscdn.net/images/goods_img/20240201/3837716/3837716_17067265472389_125.jpg,망고(MANGO)
B004005,C3822678,가죽끈장식 테이핑포인트 클러치백 (블랙),https://image.msscdn.net/images/goods_img/20240125/3822678/3822678_17061602568107_125.jpg,에스티코(STCO)
B004005,C3822677,테이핑포인트 클러치백 (블랙),https://image.msscdn.net/images/goods_img/20240125/3822677/3822677_17061602504790_125.jpg,에스티코(STCO)
B004005,C3809050,클러치 블랙 하우스 체크 소가죽 DBBA4E306BK,https://image.msscdn.net/images/goods_img/20240119/3809050/3809050_17056418216957_125.jpg,닥스
B004005,C3809043,클러치 브라운 DD패턴 경판 소가죽 DBBA4E016W3,https://image.msscdn.net/images/goods_img/20240119/3809043/3809043_17056417897565_125.jpg,닥스
B004005,C3787456,[CARLISLE] 블랙 칼라일 가죽 스몰 클러치 DCBA4E363BK,https://image.msscdn.net/images/goods_img/20240111/3787456/3787456_17049291533646_125.jpg,닥스
B004005,C3787453,블랙 DD 패턴 DBBA4E467BK,https://image.msscdn.net/images/goods_img/20240111/3787453/3787453_17049291302898_125.jpg,닥스
B004005,C3787452,블랙 DD 패턴 DBBA4E466BK,https://image.msscdn.net/images/goods_img/20240111/3787452/3787452_17049291205353_125.jpg,닥스
B004005,C3787451,블랙 솔리드 소가죽 DBBA4E945BK,https://image.msscdn.net/images/goods_img/20240111/3787451/3787451_17049291107102_125.jpg,닥스
B004005,C3787450,블랙 핸드크래프트 메쉬M 소가죽 DBBA4E725BK,https://image.msscdn.net/images/goods_img/20240111/3787450/3787450_17049291025848_125.jpg,닥스
B004005,C3784857,아키라 클러치 백 WB603Z-561,https://image.msscdn.net/images/goods_img/20240110/3784857/3784857_17048144146243_125.jpg,올세인츠(ALLSAINTS)
B004005,C3784856,아키라 클러치 백 WB620Z-5,https://image.msscdn.net/images/goods_img/20240110/3784856/3784856_17048144082715_125.jpg,올세인츠(ALLSAINTS)
B004005,C3783291,클라우드 구름 클러치 에나멜,https://image.msscdn.net/images/goods_img/20240109/3783291/3783291_17047772662647_125.jpg,미임(MIIM)
B004005,C3783223,클라우드 구름 클러치,https://image.msscdn.net/images/goods_img/20240109/3783223/3783223_17047768809260_125.jpg,미임(MIIM)
B004005,C3780155,해리슨 바르딘 클러치백 블랙,https://image.msscdn.net/images/goods_img/20240108/3780155/3780155_17054692043990_125.jpg,투미(TUMI)
B004005,C3777319,트레일 크로스바디 12 CE768 B4NQ4,https://image.msscdn.net/images/goods_img/20240105/3777319/3777319_17044199518992_125.jpg,코치(COACH)
B004005,C3777317,트레일 크로스바디 12 CE769 V5BLK,https://image.msscdn.net/images/goods_img/20240105/3777317/3777317_17044198981998_125.jpg,코치(COACH)
B004005,C3770938,유아 클러치 WR629Z-5,https://image.msscdn.net/images/goods_img/20231231/3770938/3770938_17039887504763_125.jpg,올세인츠(ALLSAINTS)
B004005,C3770934,유아 클러치 WR611Z-561,https://image.msscdn.net/images/goods_img/20231231/3770934/3770934_17039884807277_125.jpg,올세인츠(ALLSAINTS)
B004005,C3761947,매일 파우치 (블랙),https://image.msscdn.net/images/goods_img/20231220/3761947/3761947_17030414638735_125.jpg,빈폴
B004005,C3761940,모노알리사 포트폴리오백 (블랙),https://image.msscdn.net/images/goods_img/20231220/3761940/3761940_17030413951897_125.jpg,빈폴
B004005,C3761936,매일 파우치 (브라운),https://image.msscdn.net/images/goods_img/20231220/3761936/3761936_17030417501690_125.jpg,빈폴
B004005,C3759837,밍크클러치,https://image.msscdn.net/images/goods_img/20231218/3759837/3759837_17028902895473_125.jpg,수인(SUIN)
B004005,C3758914,[Holiday Edition] Logo Point Quilting Bag_LXBAM24010BUX,https://image.msscdn.net/images/goods_img/20231218/3758914/3758914_17028683293403_125.jpg,럭키슈에뜨(LUCKY
B004005,C3442898,여성 스몰 에바 오브 클러치 - 블루 / 4402009AL001LPFK407,https://image.msscdn.net/images/goods_img/20230803/3442898/3442898_16926713500070_125.jpg,비비안
B004005,C3749683,진스 자르뎅 모노그램 클러치 SM_NY,https://image.msscdn.net/images/goods_img/20231208/3749683/3749683_17052944908224_125.jpg,로사케이(ROSA.K)
B004005,C3749676,진스 자르뎅 모노그램 클러치 SS_NY,https://image.msscdn.net/images/goods_img/20231208/3749676/3749676_17052944985716_125.jpg,로사케이(ROSA.K)
B004005,C3568529,남성 인트레치아토 클러치 - 다크 브라운 / 522429V001N2113,https://image.msscdn.net/images/goods_img/20230918/3568529/3568529_17019990936074_125.jpg,보테가베네타(BOTTEGA
B004005,C3568527,공용 미디움 인트레치아토 클러치 - 블랙 / 522429V001N1000,https://image.msscdn.net/images/goods_img/20230918/3568527/3568527_17019991440620_125.jpg,보테가베네타(BOTTEGA
B004005,C3685981,남성 미디움 타탄 트윌 헥터 클러치백 - 다크 그린 / UAC043AF0428310,https://image.msscdn.net/images/goods_img/20231106/3685981/3685981_17007120329929_125.jpg,톰브라운(THOM
B004005,C3726097,CL 큰보석 클러치,https://image.msscdn.net/images/goods_img/20231121/3726097/3726097_17005765625661_125.jpg,수인(SUIN)
B004005,C3726094,큰보석클러치,https://image.msscdn.net/images/goods_img/20231121/3726094/3726094_17005414122967_125.jpg,수인(SUIN)
B004005,C3657375,남성 로고 레더 클러치 - 블랙 / 683865AAB9H1000,https://image.msscdn.net/images/goods_img/20231025/3657375/3657375_17000336732755_125.jpg,생로랑(SAINT
B004005,C3608756,남성 RWB 클러치백 - 그린 / MAC155A00198310,https://image.msscdn.net/images/goods_img/20231006/3608756/3608756_16993288669692_125.jpg,톰브라운(THOM
B004005,C3679860,롤링포케트 오렌지,https://image.msscdn.net/images/goods_img/20231102/3679860/3679860_16989070604708_125.jpg,롤링롤라이(ROLLINGROLLEYE)
B004005,C3679855,롤링포케트 오트,https://image.msscdn.net/images/goods_img/20231102/3679855/3679855_16989069995392_125.jpg,롤링롤라이(ROLLINGROLLEYE)
B004005,C3679845,롤링포케트 그린,https://image.msscdn.net/images/goods_img/20231102/3679845/3679845_16989068873621_125.jpg,롤링롤라이(ROLLINGROLLEYE)
B004005,C3679835,롤링포케트 퍼플,https://image.msscdn.net/images/goods_img/20231102/3679835/3679835_16989068014466_125.jpg,롤링롤라이(ROLLINGROLLEYE)
B004005,C3679675,롤링포케트 네이비,https://image.msscdn.net/images/goods_img/20231102/3679675/3679675_16989053955457_125.jpg,롤링롤라이(ROLLINGROLLEYE)
B004005,C3677740,뉴 셔빈백 카키,https://image.msscdn.net/images/goods_img/20231102/3677740/3677740_16988858762105_125.jpg,롤링롤라이(ROLLINGROLLEYE)
B004005,C3677698,뉴 셔빈백 블랙,https://image.msscdn.net/images/goods_img/20231102/3677698/3677698_16988855960568_125.jpg,롤링롤라이(ROLLINGROLLEYE)
B004005,C3677622,뉴 셔빈백 골드,https://image.msscdn.net/images/goods_img/20231102/3677622/3677622_16988838591494_125.jpg,롤링롤라이(ROLLINGROLLEYE)
B004005,C3671603,VINTAGE LEATHER CLUTCH BAG IN BEIGE,https://image.msscdn.net/images/goods_img/20231031/3671603/3671603_16987345012429_125.jpg,마뗑킴(MATIN
B004005,C3653750,맥라렌 써킷 포트폴리오 클러치백 블랙,https://image.msscdn.net/images/goods_img/20231024/3653750/3653750_16987319308877_125.jpg,투미(TUMI)
B004005,C3653745,알파 포트폴리오 클러치백 블랙,https://image.msscdn.net/images/goods_img/20231024/3653745/3653745_16987319098056_125.jpg,투미(TUMI)
B004005,C3653733,알파 TUMI ALPHA 트리플 지퍼 클러치백 블랙,https://image.msscdn.net/images/goods_img/20231024/3653733/3653733_16981308687231_125.jpg,투미(TUMI)
B004005,C3643844,가죽끈장식 클러치백 (카키),https://image.msscdn.net/images/goods_img/20231020/3643844/3643844_16977686892752_125.jpg,에스티코(STCO)
B004005,C3483373,남성 모노그램 클러치 - 블랙 / 68382702G0W1000,https://image.msscdn.net/images/goods_img/20230822/3483373/3483373_16976922806951_125.jpg,생로랑(SAINT
B004005,C3437327,남성 미디움 바케타 레더 도큐먼트 클러치 - 브라운 / MAC021LL0044255,https://image.msscdn.net/images/goods_img/20230801/3437327/3437327_16976961013158_125.jpg,톰브라운(THOM
B004005,C3638320,월렛 체인 미니백 카멜,https://image.msscdn.net/images/goods_img/20231018/3638320/3638320_16976178601337_125.jpg,모멧(MOMET)
B004005,C3638319,월렛 체인 미니백 블랙,https://image.msscdn.net/images/goods_img/20231018/3638319/3638319_16976178542190_125.jpg,모멧(MOMET)
B004005,C3483344,여성 미니 인트레치아토 클러치백 - 브라운 / 585852VCPP12560,https://image.msscdn.net/images/goods_img/20230822/3483344/3483344_16975235861232_125.jpg,보테가베네타(BOTTEGA
B004005,C3629043,[미니클러치백][GRID CLASSIC][그리드 클래식] 블랙 그리드 패턴 경판 DBWA4E400BK,https://image.msscdn.net/images/goods_img/20231016/3629043/3629043_16974300534677_125.jpg,닥스
B004005,C3612871,양털로고클러치,https://image.msscdn.net/images/goods_img/20231009/3612871/3612871_16968441520639_125.jpg,수인(SUIN)
B004005,C3602782,디아(Dia) 클러치 28_RCBCX23621NAX,https://image.msscdn.net/images/goods_img/20231004/3602782/3602782_17022523006015_125.jpg,쿠론(COURONNE)
B004005,C3400616,여성 로고 클러치 - 그린 / 4402009CL003BO103,https://image.msscdn.net/images/goods_img/20230710/3400616/3400616_16950932149977_125.jpg,비비안
B004005,C3508690,공용 메탈 로고 레더 클러치 - 블랙 / 6676860SX0E1000,https://image.msscdn.net/images/goods_img/20230829/3508690/3508690_16947446489515_125.jpg,생로랑(SAINT
B004005,C3568618,GIO(지오) 남성맨스백 MR1FM06BL,https://image.msscdn.net/images/goods_img/20230918/3568618/3568618_16950141587969_125.jpg,루이까또즈(LOUIS
B004005,C3568609,GIO(지오) 남성맨스백 MR1FM06TP,https://image.msscdn.net/images/goods_img/20230918/3568609/3568609_16950140176982_125.jpg,루이까또즈(LOUIS
B004005,C3568603,GIO(지오) 남성클러치백 MR1FM05TP,https://image.msscdn.net/images/goods_img/20230918/3568603/3568603_16950139294500_125.jpg,루이까또즈(LOUIS
B004005,C3568598,GIO(지오) 남성클러치백 MR1FM05BL,https://image.msscdn.net/images/goods_img/20230918/3568598/3568598_16950138733377_125.jpg,루이까또즈(LOUIS
B004005,C3544509,SHIBORI 기타 차시디 EIABX06 87S,https://image.msscdn.net/images/goods_img/20230908/3544509/3544509_16941445550981_125.jpg,이스트팩(EASTPAK)
B004005,C3544508,SHIBORI 기타 차시디 EIABX06 88S,https://image.msscdn.net/images/goods_img/20230908/3544508/3544508_16941445474410_125.jpg,이스트팩(EASTPAK)
B004005,C3459718,남성 스몰 테블릿 클러치 - 블랙 / MAC019L00198001,https://image.msscdn.net/images/goods_img/20230810/3459718/3459718_16938799397896_125.jpg,톰브라운(THOM
B004005,C3528908,(U) 앙블로페 L 팔레 로얄 옐로우 ENVELOPPE L PALAIS ROYAL YELLOW,https://image.msscdn.net/images/goods_img/20230905/3528908/3528908_16938763993601_125.jpg,휘
B004005,C3528907,(U) 앙블로페 M 옥스포드 옐로우 ENVELOPPE M OXFORD YELLOW,https://image.msscdn.net/images/goods_img/20230905/3528907/3528907_16938763941005_125.jpg,휘
B004005,C3528905,(U) 앙블로페 L 팔레 로얄 그레이 ENVELOPPE L PALAIS ROYAL GREY,https://image.msscdn.net/images/goods_img/20230905/3528905/3528905_16938763887739_125.jpg,휘
B004005,C3521284,(BE38D4C025)여성 카트걸이용 폴딩 파우치 - 블랙,https://image.msscdn.net/images/goods_img/20230901/3521284/3521284_16990159684399_125.jpg,빈폴
B004005,C3515268,[RINALDI] 뉴 리날디 클러치백,https://image.msscdn.net/images/goods_img/20230830/3515268/3515268_16933876903235_125.jpg,질스튜어트
B004005,C3459713,남성 스몰 TB 클러치 - 블랙 / MAC019LL0044415,https://image.msscdn.net/images/goods_img/20230810/3459713/3459713_16932085391756_125.jpg,톰브라운(THOM
B004005,C3498449,쉐이퍼(Shaper) 클러치 24_RCBCX23622BKX,https://image.msscdn.net/images/goods_img/20230825/3498449/3498449_16950837527264_125.jpg,쿠론(COURONNE)
B004005,C3498442,쉐이퍼(Shaper) 클러치 24_RCBCX23622WHX,https://image.msscdn.net/images/goods_img/20230825/3498442/3498442_16929503376555_125.jpg,쿠론(COURONNE)
B004005,C3425905,여성 락스터드 스파이크 클러치 - 블랙 / 3W2B0137NAP0NO,https://image.msscdn.net/images/goods_img/20230725/3425905/3425905_16913864720150_125.jpg,발렌티노(VALENTINO)
B004005,C3313338,공용 미니 트렁크 클러치 - 블랙 / FAC075B00198001,https://image.msscdn.net/images/goods_img/20230522/3313338/3313338_16910424275172_125.jpg,톰브라운(THOM
B004005,C3442836,드레스 캐주얼 포트폴리오 백 (T12D6ABG030MT1BDS),https://image.msscdn.net/images/goods_img/20230803/3442836/3442836_16910307168432_125.jpg,타미힐피거(TOMMY
B004005,C3439290,(BE37D4B015) 남성 사각 파우치 - 블랙,https://image.msscdn.net/images/goods_img/20230801/3439290/3439290_16990143029325_125.jpg,빈폴
B004005,C3423455,IM 파우치 (T12D7ABG100MT1BDS),https://image.msscdn.net/images/goods_img/20230724/3423455/3423455_16901919250295_125.jpg,타미힐피거(TOMMY
B004005,C3423452,RWB 위빙 클러치 (T12D6ABG020MT2BDS),https://image.msscdn.net/images/goods_img/20230724/3423452/3423452_16901918720133_125.jpg,타미힐피거(TOMMY
B004005,C2513053,공용 로고 지퍼 클러치 - 블랙 / 683872BTY0N1000,https://image.msscdn.net/images/goods_img/20220425/2513053/2513053_1_125.jpg,생로랑(SAINT
B004005,C3365363,남성 앵커 클러치 - 레드 / UAC028A00198600,https://image.msscdn.net/images/goods_img/20230615/3365363/3365363_16887029060197_125.jpg,톰브라운(THOM
B004005,C3328217,남성 미디움 4바 클러치 - 라이트 핑크 / MAC155A00198680,https://image.msscdn.net/images/goods_img/20230526/3328217/3328217_16887029412208_125.jpg,톰브라운(THOM
B004005,C3316429,공용 페블 도큐멘트 폴리오 클러치 - 블랙 / MAC074A00198001,https://image.msscdn.net/images/goods_img/20230523/3316429/3316429_16874858436834_125.jpg,톰브라운(THOM
B004005,C3199652,공용 인트레치아토 스트랩 클러치 - 다크브라운 / 442242V001O2006,https://image.msscdn.net/images/goods_img/20230331/3199652/3199652_16890432053839_125.jpg,보테가베네타(BOTTEGA
B004005,C3239108,여성 ORB 클러치백 - 골드 / 52050001L003AR401,https://image.msscdn.net/images/goods_img/20230417/3239108/3239108_16896556266070_125.jpg,비비안
B004005,C3368145,공용 스몰 4 스티치 클러치 - 블랙 / SA1TT0002P4745T8013,https://image.msscdn.net/images/goods_img/20230616/3368145/3368145_16896592423856_125.jpg,메종
B004005,C3192642,공용 인트레치아토 도큐먼트 케이스 클러치백 - 브라운 / 406021V46512006,https://image.msscdn.net/images/goods_img/20230330/3192642/3192642_16905052319999_125.jpg,보테가베네타(BOTTEGA
B004005,C3253149,여성 놋 미노디에르 클러치백 - 블랙 / 717622V01D11019,https://image.msscdn.net/images/goods_img/20230421/3253149/3253149_16866276293264_125.jpg,보테가베네타(BOTTEGA
B004005,C3192012,남성 인트레치아토 도큐먼트 케이스 - 블랙 / 406021V46511000,https://image.msscdn.net/images/goods_img/20230330/3192012/3192012_16905052835461_125.jpg,보테가베네타(BOTTEGA
B004005,C3271615,남성 4-BAR 미디엄 클러치 백 - 그레이 / MAC155A00198025,https://image.msscdn.net/images/goods_img/20230502/3271615/3271615_16883539381569_125.jpg,톰브라운(THOM
B004005,C3214478,남성 페블 그레인 레더 도큐먼트 홀더 - 다크 그레이 / MAC021L00198025,https://image.msscdn.net/images/goods_img/20230407/3214478/3214478_16871627837395_125.jpg,톰브라운(THOM
B004005,C3214477,공용 스몰 RWB 탭 페블 그레인 클러치 - 그레이 / MAC019L00198025,https://image.msscdn.net/images/goods_img/20230407/3214477/3214477_16878515810035_125.jpg,톰브라운(THOM
B004005,C3342247,남성 페블 그레인 레더 앵커 클러치 - 네이비 / UAC030A00198415,https://image.msscdn.net/images/goods_img/20230602/3342247/3342247_16878516578977_125.jpg,톰브라운(THOM
B004005,C3196737,여성 레더 클러치 - 블랙 / FAP381A00198001,https://image.msscdn.net/images/goods_img/20230331/3196737/3196737_16878512754723_125.jpg,톰브라운(THOM
B004005,C3295357,남성 삼각로고 클러치 - 블랙 / 2NH020PN9F0002,https://image.msscdn.net/images/goods_img/20230515/3295357/3295357_16866436910111_125.jpg,프라다(PRADA)
B004005,C3289820,여성 트라페즈 핸들 클러치백 - 블랙 / UAG054AL0020001,https://image.msscdn.net/images/goods_img/20230511/3289820/3289820_16871388938639_125.jpg,톰브라운(THOM
B004005,C3248658,공용 인트레치아토 나파 클러치 - 에스프레소 / 522430V001N2006,https://image.msscdn.net/images/goods_img/20230420/3248658/3248658_16872242923481_125.jpg,보테가베네타(BOTTEGA
B004005,C3196464,공용 페블 도큐멘트 폴리오 클러치 - 블랙 / MAC074A00198001,https://image.msscdn.net/images/goods_img/20230331/3196464/3196464_16862096931194_125.jpg,톰브라운(THOM
B004005,C3372226,LEATHER CLUTCH BAG [KHAKI],https://image.msscdn.net/images/goods_img/20230619/3372226/3372226_16871629569422_125.jpg,어플레이그라운드(A
B004005,C3250240,여성 미노디에르 온 스트랩 가죽 클러치 - 블랙 / 717623V01D11019,https://image.msscdn.net/images/goods_img/20230420/3250240/3250240_16866277124163_125.jpg,보테가베네타(BOTTEGA
B004005,C3250237,여성 놋 클러치 백 - 블랙 / 717622V01D18847,https://image.msscdn.net/images/goods_img/20230420/3250237/3250237_16866276721475_125.jpg,보테가베네타(BOTTEGA
B004005,C3364967,(BE36D2T095) 모노 알리사 포트폴리오백 - 블랙,https://image.msscdn.net/images/goods_img/20230614/3364967/3364967_16867337878347_125.jpg,빈폴
B004005,C3254436,남성 네오 클래식 클러치백 - 블랙 / 64011415Y071000,https://image.msscdn.net/images/goods_img/20230424/3254436/3254436_16854072761372_125.jpg,발렌시아가(BALENCIAGA)
B004005,C3334491,GLOSSY SMART CLUTCH BIG BAG IN BLACK,https://image.msscdn.net/images/goods_img/20230531/3334491/3334491_16855008003553_125.jpg,마뗑킴(MATIN
B004005,C3334490,GLOSSY SMART CLUTCH BIG BAG IN SILVER,https://image.msscdn.net/images/goods_img/20230531/3334490/3334490_16855007890429_125.jpg,마뗑킴(MATIN
B004005,C3222432,여성 인트레치아토 클러치백 - 위스테리아 / 652931VCQC14215,https://image.msscdn.net/images/goods_img/20230411/3222432/3222432_16849960746896_125.jpg,보테가베네타(BOTTEGA
B004005,C3123239,공용 리브 고쉬 클러치 - 베이지:블랙 / 581369FAAAZ9024,https://image.msscdn.net/images/goods_img/20230306/3123239/3123239_16849765176682_125.jpg,생로랑(SAINT
B004005,C3317418,글램 클러치 LW1AA3640_CA,https://image.msscdn.net/images/goods_img/20230523/3317418/3317418_16848175509646_125.jpg,조이그라이슨(JOY
B004005,C3317406,글램 클러치 LW1AA3640_10,https://image.msscdn.net/images/goods_img/20230523/3317406/3317406_16848174142866_125.jpg,조이그라이슨(JOY
B004005,C3316764,페이퍼(Paper) 클러치 31_RCBCX23211BKX,https://image.msscdn.net/images/goods_img/20230523/3316764/3316764_16910564604308_125.jpg,쿠론(COURONNE)
B004005,C3312639,[코나모르] 고트엠보 파우치 - 블랙,https://image.msscdn.net/images/goods_img/20230519/3312639/3312639_16844859664220_125.jpg,코나모르(CONAMOR)
B004005,C3312638,[코나모르] 고트엠보 파우치 - 블루,https://image.msscdn.net/images/goods_img/20230519/3312638/3312638_16844859598370_125.jpg,코나모르(CONAMOR)
B004005,C3312636,[코나모르] 고트엠보 파우치 - 네이비,https://image.msscdn.net/images/goods_img/20230519/3312636/3312636_16844859530032_125.jpg,코나모르(CONAMOR)
B004005,C3193016,공용 라지 파리 레더 클러치 - 블랙 / FD55PM822L4199,https://image.msscdn.net/images/goods_img/20230330/3193016/3193016_16837722627448_125.jpg,겐조(KENZO)
B004005,C3193504,남성 BBPR 클러치 - 팔라 팔라디움 / MACCXJEW011PALLA,https://image.msscdn.net/images/goods_img/20230330/3193504/3193504_16831625718136_125.jpg,써네이(SUNNEI)
B004005,C3274173,[Paulin Tag Clutch - 2 COLOR] 폴린 택 클러치-2 COLOR,https://image.msscdn.net/images/goods_img/20230503/3274173/3274173_16830914683899_125.jpg,씨네드(CINEDE)
B004005,C3174244,남성 인트레치아토 클러치 - 블랙 / 603432VCPQ18984,https://image.msscdn.net/images/goods_img/20230323/3174244/3174244_16817154315256_125.jpg,보테가베네타(BOTTEGA
B004005,C3222630,공용 토르 벨라스카 클러치 - 부티크블루 / CACCXBAG027MET0070095,https://image.msscdn.net/images/goods_img/20230411/3222630/3222630_16831628915811_125.jpg,써네이(SUNNEI)
B004005,C3144002,남성 인트레치아토 클러치 - 블랙 / 651866V0E503203,https://image.msscdn.net/images/goods_img/20230313/3144002/3144002_16804794864888_125.jpg,보테가베네타(BOTTEGA
B004005,C3216627,플랫 미니 백,https://image.msscdn.net/images/goods_img/20230407/3216627/3216627_16808516618457_125.jpg,앤드에잇(AND08)
B004005,C3216584,플랫 미니 백,https://image.msscdn.net/images/goods_img/20230407/3216584/3216584_16808513988852_125.jpg,앤드에잇(AND08)
B004005,C3178627,미니 클러치_Ivory,https://image.msscdn.net/images/goods_img/20230324/3178627/3178627_16796427276378_125.jpg,버빌리안(BUBILIAN)
B004005,C3166916,GLOSSY SMART CLUTCH BAG IN BLACK,https://image.msscdn.net/images/goods_img/20230321/3166916/3166916_16793881510688_125.jpg,마뗑킴(MATIN
B004005,C3166915,GLOSSY SMART CLUTCH BAG IN SILVER,https://image.msscdn.net/images/goods_img/20230321/3166915/3166915_16793881413668_125.jpg,마뗑킴(MATIN
B004005,C3153668,TNT BF X-Pac™ 15 Laptop Sleeve Black,https://image.msscdn.net/images/goods_img/20230316/3153668/3153668_16789446465369_125.jpg,디스이즈네버댓(THISISNEVERTHAT)
B004005,C3149652,프린트클러치 - 4 colors,https://image.msscdn.net/images/goods_img/20230315/3149652/3149652_16788623308202_125.jpg,블루오브(BLUE
B004005,C3148014,SHINE(camel),https://image.msscdn.net/images/goods_img/20230314/3148014/3148014_16787902766254_125.jpg,이호포맨(LEEHO
B004005,C3148013,SHINE(black),https://image.msscdn.net/images/goods_img/20230314/3148013/3148013_16787902095337_125.jpg,이호포맨(LEEHO
B004005,C3123731,디몬드 플랑 클러치 28_RCBCX23212BKX,https://image.msscdn.net/images/goods_img/20230306/3123731/3123731_16908719613892_125.jpg,쿠론(COURONNE)
B004005,C3035991,여성 더 바 클러치 - 블랙 / NW22RSBG02699,https://image.msscdn.net/images/goods_img/20230120/3035991/3035991_16768499008334_125.jpg,나누쉬카(NANUSHKA)
B004005,C3087073,[HEXAGON] 헥사곤 클러치백,https://image.msscdn.net/images/goods_img/20230216/3087073/3087073_16765115090301_125.jpg,질스튜어트
B004005,C3087072,[ROSELLA] 로젤라 브라운 로고장식 클러치백,https://image.msscdn.net/images/goods_img/20230216/3087072/3087072_16765115046648_125.jpg,질스튜어트
B004005,C2931950,여성 로고 클러치 - 블랙 / 619288VMAU32135,https://image.msscdn.net/images/goods_img/20221110/2931950/2931950_16721918080076_125.jpg,보테가베네타(BOTTEGA
B004005,C3061460,[BASIC]미디움 블랙 사선체크 클러치백(사이드 확장형) DBBA3EE17BK,https://image.msscdn.net/images/goods_img/20230206/3061460/3061460_16756602339476_125.jpg,닥스
B004005,C3057745,무브 소가죽 클러치백,https://image.msscdn.net/images/goods_img/20230203/3057745/3057745_16753947860097_125.jpg,어라운드투비(AROUND
B004005,C3030862,(탈부착 스트랩) 천연 소가죽 사피아노 절개 클러치 백 (VIPAC019),https://image.msscdn.net/images/goods_img/20230118/3030862/3030862_16790182384674_125.jpg,밴웍스(VANNWORKS)
B004005,C3026577,(탈부착 스트랩) 사피아노 천연 가죽 클러치 백 (VIPAC020),https://image.msscdn.net/images/goods_img/20230116/3026577/3026577_16789506743114_125.jpg,밴웍스(VANNWORKS)
B004005,C3024981,SCARLET sheepskin clutch 2 color,https://image.msscdn.net/images/goods_img/20230113/3024981/3024981_16736140173520_125.jpg,잇츠백(ITSBAG)
B004005,C3007032,포멀 클러치 (블랙),https://image.msscdn.net/images/goods_img/20230105/3007032/3007032_16728859350963_125.jpg,에스티코(STCO)
B004005,C2932023,남성 페블 그레인 레더 디보스드 4 바 도큐먼트 홀더 클러치 - 블랙 / MAC134A00198001,https://image.msscdn.net/images/goods_img/20221110/2932023/2932023_16722059353419_125.jpg,톰브라운(THOM
B004005,C2997529,MACARON FUR CLUTCH (CORAL PINK),https://image.msscdn.net/images/goods_img/20221226/2997529/2997529_16722091189098_125.jpg,피스메이커(PIECE
B004005,C2997528,MACARON FUR CLUTCH (BROWN),https://image.msscdn.net/images/goods_img/20221226/2997528/2997528_16722090490066_125.jpg,피스메이커(PIECE
B004005,C2944039,남성 4 스티치 클러치 - 블랙 / SA1TT0002P4745T8013,https://image.msscdn.net/images/goods_img/20221116/2944039/2944039_1_125.jpg,메종
B004005,C2981608,HANDMADE WOOL KNIT CLUTCH BAG,https://image.msscdn.net/images/goods_img/20221214/2981608/2981608_1_125.jpg,케리에르(CARRIERE)
B004005,C2901538,여성 탱글 클러치 - 옐로우 / JSMT840091MTS00008N730,https://image.msscdn.net/images/goods_img/20221028/2901538/2901538_1_125.jpg,질
B004005,C2901537,남성 로고 클러치 - 블랙 / JSMQ840091MQS00008N001,https://image.msscdn.net/images/goods_img/20221028/2901537/2901537_1_125.jpg,질
B004005,C2964592,(BE32D2M075) 매일 포트폴리오백  블랙,https://image.msscdn.net/images/goods_img/20221129/2964592/2964592_16990040123273_125.jpg,빈폴
B004005,C2962087,에코퍼 클러치백 (비건퍼 파우치 겸용) - 코어 블랙,https://image.msscdn.net/images/goods_img/20221127/2962087/2962087_1_125.jpg,아름다워(ARDW)
B004005,C2961723,에코퍼 클러치백 (비건퍼 파우치 겸용) -피콕 블루,https://image.msscdn.net/images/goods_img/20221125/2961723/2961723_1_125.jpg,아름다워(ARDW)
B004005,C2731864,여성 보르도 레더 클러치 - 오렌지 / PHMO0022U3LV520Z476N,https://image.msscdn.net/images/goods_img/20220822/2731864/2731864_1_125.jpg,마르니(MARNI)
B004005,C2932477,Fake Mustang M Clutch BRHE03011,https://image.msscdn.net/images/goods_img/20221110/2932477/2932477_2_125.jpg,파시에라(FASCIERA)
B004005,C2931869,에코퍼 클러치백 (비건퍼 파우치 겸용) - 비타민 오렌지,https://image.msscdn.net/images/goods_img/20221110/2931869/2931869_1_125.jpg,아름다워(ARDW)
B004005,C2931868,에코퍼 클러치백 (비건퍼 파우치 겸용) - 에센셜 화이트,https://image.msscdn.net/images/goods_img/20221110/2931868/2931868_1_125.jpg,아름다워(ARDW)
B004005,C2931865,에코퍼 클러치백 (비건퍼 파우치 겸용) - 메타 라벤더,https://image.msscdn.net/images/goods_img/20221110/2931865/2931865_1_125.jpg,아름다워(ARDW)
B004005,C2927298,(BE31D2T095) 모노 알리사 포트폴리오 백  블랙,https://image.msscdn.net/images/goods_img/20221108/2927298/2927298_1_125.jpg,빈폴
B004005,C2778121,남성 VLTN 로고 클러치 - 블랙 / XY2P0P09LVN0NOB,https://image.msscdn.net/images/goods_img/20220907/2778121/2778121_1_125.jpg,발렌티노(VALENTINO)
B004005,C2914391,여성 단품 미니백 (DN32WFBG91),https://image.msscdn.net/images/goods_img/20221102/2914391/2914391_1_125.jpg,데상트
B004005,C2882864,메리 이브닝 백,https://image.msscdn.net/images/goods_img/20221021/2882864/2882864_1_125.jpg,미녹(MINOC)
B004005,C2872618,라이언 엠블럼 천연소가죽 클러치 블랙,https://image.msscdn.net/images/goods_img/20221018/2872618/2872618_1_125.jpg,헨리스튜어트(HENRY
B004005,C2872617,라이언 엠블럼 천연소가죽 클러치 브라운,https://image.msscdn.net/images/goods_img/20221018/2872617/2872617_1_125.jpg,헨리스튜어트(HENRY
B004005,C2872616,라이언 엠블럼 천연소가죽 클러치 모노그램데님,https://image.msscdn.net/images/goods_img/20221018/2872616/2872616_1_125.jpg,헨리스튜어트(HENRY
B004005,C2872615,라이언 엠블럼 천연소가죽 클러치 모노그램버건디,https://image.msscdn.net/images/goods_img/20221018/2872615/2872615_1_125.jpg,헨리스튜어트(HENRY
B004005,C2863049,클러치백 MQ3MG09GA,https://image.msscdn.net/images/goods_img/20221014/2863049/2863049_1_125.jpg,루이까또즈(LOUIS
B004005,C2863044,클러치백 MQ3MG09TA,https://image.msscdn.net/images/goods_img/20221014/2863044/2863044_1_125.jpg,루이까또즈(LOUIS
B004005,C2863040,클러치백 MQ3MG09BL,https://image.msscdn.net/images/goods_img/20221014/2863040/2863040_1_125.jpg,루이까또즈(LOUIS
B004005,C2861686,포트폴리오,https://image.msscdn.net/images/goods_img/20221014/2861686/2861686_16965683186655_125.jpg,프루아(FFROI)
B004005,C2861558,플랩 오버 클러치,https://image.msscdn.net/images/goods_img/20221014/2861558/2861558_16965682493867_125.jpg,프루아(FFROI)
B004005,C2860885,에코플리스 미니백 (뽀글이 핸드폰가방),https://image.msscdn.net/images/goods_img/20221013/2860885/2860885_1_125.jpg,아이워즈플라스틱(I
B004005,C2846622,[BASIC]미디움 블랙 가죽 클러치백 DBBA3F949BK,https://image.msscdn.net/images/goods_img/20221007/2846622/2846622_1_125.jpg,닥스
B004005,C2844832,제니스 심플 클러치백,https://image.msscdn.net/images/goods_img/20221006/2844832/2844832_1_125.jpg,미녹(MINOC)
B004005,C2829059,(BE26D2T095) 모노 알리사 포트폴리오 백 Black,https://image.msscdn.net/images/goods_img/20220929/2829059/2829059_1_125.jpg,빈폴
B004005,C2783455,첼시 3-way WOS 크로스바디 크로코 블랙,https://image.msscdn.net/images/goods_img/20220912/2783455/2783455_1_125.jpg,이나이나
B004005,C2755627,Luxury Leather Clutch BTCH02009,https://image.msscdn.net/images/goods_img/20220830/2755627/2755627_5_125.jpg,파시에라(FASCIERA)
B004005,C2755624,Casual S Clutch BCAP08002,https://image.msscdn.net/images/goods_img/20220830/2755624/2755624_4_125.png,파시에라(FASCIERA)
B004005,C2755621,Casual Big Clutch BCAP06901,https://image.msscdn.net/images/goods_img/20220830/2755621/2755621_4_125.png,파시에라(FASCIERA)
B004005,C2755618,F Simbol L Clutch  BRHE04103,https://image.msscdn.net/images/goods_img/20220830/2755618/2755618_4_125.jpg,파시에라(FASCIERA)
B004005,C2755616,Embroidery Point S Clutch BRHE01009,https://image.msscdn.net/images/goods_img/20220830/2755616/2755616_4_125.jpg,파시에라(FASCIERA)
B004005,C2749944,[미엘 버클 클러치] Miel buckle clutch,https://image.msscdn.net/images/goods_img/20220829/2749944/2749944_1_125.jpg,러브참(LOVECHARM)
B004005,C2749512,777 Comb Pattern Square,https://image.msscdn.net/images/goods_img/20220829/2749512/2749512_1_125.jpg,론트(LOHNT)
B004005,C2727377,클러치/미니백 MQ3FM03BL,https://image.msscdn.net/images/goods_img/20220818/2727377/2727377_1_125.jpg,루이까또즈(LOUIS
B004005,C2721871,헬릭스 클러치 29_RCBCX22622BRX,https://image.msscdn.net/images/goods_img/20220817/2721871/2721871_16907815602513_125.jpg,쿠론(COURONNE)
B004005,C2721861,헬릭스 클러치 29_RCBCX22622BKX,https://image.msscdn.net/images/goods_img/20220817/2721861/2721861_16907815183276_125.jpg,쿠론(COURONNE)
B004005,C2699629,리플 클러치_35673CL,https://image.msscdn.net/images/goods_img/20220804/2699629/2699629_2_125.jpg,마이쉘(MYSHELL)
B004005,C2698986,라리마 클러치백 화이트,https://image.msscdn.net/images/goods_img/20220804/2698986/2698986_1_125.jpg,피아쁘(PIAP)
B004005,C2698939,라리마 클러치백 네이비,https://image.msscdn.net/images/goods_img/20220804/2698939/2698939_1_125.jpg,피아쁘(PIAP)
B004005,C2687777,FOST CLUTCH NAVY GX841004,https://image.msscdn.net/images/goods_img/20220728/2687777/2687777_1_125.jpg,쌤소나이트(SAMSONITE)
B004005,C2686243,FLAT 13 14인치 가죽 클러치 백 - LN2503,https://image.msscdn.net/images/goods_img/20220728/2686243/2686243_1_125.jpg,렉슨(LEXON)
B004005,C2683711,FLAT 가죽 클러치 백 - LN2500,https://image.msscdn.net/images/goods_img/20220727/2683711/2683711_1_125.jpg,렉슨(LEXON)
B004005,C2678162,[ROWING STRIPE] 그레이 로고패턴 가죽 클러치백,https://image.msscdn.net/images/goods_img/20220722/2678162/2678162_1_125.jpg,헤지스
B004005,C2667695,볼파우치 5컬러 중 선택 du22Bp01,https://image.msscdn.net/images/goods_img/20220715/2667695/2667695_1_125.jpg,드루
B004005,C2645605,심플 클러치_Carbon,https://image.msscdn.net/images/goods_img/20220704/2645605/2645605_1_125.jpg,와이드앵글(WIDEANGLE)
B004005,C2640373,타비니 클러치앤 크로스백,https://image.msscdn.net/images/goods_img/20220630/2640373/2640373_17030578619621_125.jpg,맥끌라니(MCLANEE)
B004005,C2621851,OCTAGON CLUTCH  BAG DARK GREEN,https://image.msscdn.net/images/goods_img/20220617/2621851/2621851_1_125.jpg,미스페라(MEASPHERA)
B004005,C2621815,OCTAGON CLUTCH  BAG BLACK,https://image.msscdn.net/images/goods_img/20220617/2621815/2621815_1_125.jpg,미스페라(MEASPHERA)
B004005,C2604680,체스 쟈가드 클러치백,https://image.msscdn.net/images/goods_img/20220608/2604680/2604680_5_125.png,헤이플(HEIPEUL)
B004005,C2556316,체커 보드 체인 프린트 클러치,https://image.msscdn.net/images/goods_img/20220512/2556316/2556316_3_125.jpg,그리디어스(GREEDILOUS)
B004005,C2556301,플라워 로고 프린트 클러치,https://image.msscdn.net/images/goods_img/20220512/2556301/2556301_3_125.jpg,그리디어스(GREEDILOUS)
B004005,C2556218,오션 체크 프린트 클러치,https://image.msscdn.net/images/goods_img/20220512/2556218/2556218_3_125.jpg,그리디어스(GREEDILOUS)
B004005,C2556176,오션 체크 프린트 클러치,https://image.msscdn.net/images/goods_img/20220512/2556176/2556176_3_125.jpg,그리디어스(GREEDILOUS)
B004005,C2556135,다이아 체크 닷 프린트 클러치,https://image.msscdn.net/images/goods_img/20220512/2556135/2556135_3_125.jpg,그리디어스(GREEDILOUS)
B004005,C2556094,네온사인 원포인트 프린트 클러치,https://image.msscdn.net/images/goods_img/20220512/2556094/2556094_2_125.jpg,그리디어스(GREEDILOUS)
B004005,C2552731,[MIGHTY] 블랙 퍼피 패치 소가죽 클러치백,https://image.msscdn.net/images/goods_img/20220511/2552731/2552731_1_125.jpg,헤지스
B004005,C2472420,남성 미디움 페블 그레인 레더 디보스드 4 바 클러치 - 블랙 / MAC133A00198001,https://image.msscdn.net/images/goods_img/20220407/2472420/2472420_1_125.jpg,톰브라운(THOM
B004005,C2472419,남성 라지 페블 그레인 레더 디보스드 4 바 클러치 - 블랙 / MAC132A00198001,https://image.msscdn.net/images/goods_img/20220407/2472419/2472419_1_125.jpg,톰브라운(THOM
B004005,C2543206,멜로우 클러치 스트랩 SET_블랙,https://image.msscdn.net/images/goods_img/20220505/2543206/2543206_1_125.jpg,유센디(USEND)
B004005,C2511993,공용 미디움 인트레치아토 클러치 - 블랙 / 522429V001N1000,https://image.msscdn.net/images/goods_img/20220425/2511993/2511993_1_125.jpg,보테가베네타(BOTTEGA
B004005,C2509775,클러치백 MQ1FM08NA,https://image.msscdn.net/images/goods_img/20220422/2509775/2509775_1_125.jpg,루이까또즈(LOUIS
B004005,C2489618,뉴스나이퍼 클러치 - 그린,https://image.msscdn.net/images/goods_img/20220414/2489618/2489618_16740235649065_125.jpg,코나모르(CONAMOR)
B004005,C2489617,뉴스나이퍼 클러치 - 오렌지,https://image.msscdn.net/images/goods_img/20220414/2489617/2489617_16740237260633_125.jpg,코나모르(CONAMOR)
B004005,C2489616,뉴스나이퍼 클러치 - 핑크,https://image.msscdn.net/images/goods_img/20220414/2489616/2489616_16740236714625_125.jpg,코나모르(CONAMOR)
B004005,C2481632,커스텀 네오레더 클러치백 그레이,https://image.msscdn.net/images/goods_img/20220412/2481632/2481632_1_125.jpg,마틴콕스(MARTINCOKS)
B004005,C2481631,커스텀 네오레더 클러치백 다크브라운,https://image.msscdn.net/images/goods_img/20220412/2481631/2481631_2_125.jpg,마틴콕스(MARTINCOKS)
B004005,C2481630,커스텀 네오레더 클러치백 브라운,https://image.msscdn.net/images/goods_img/20220412/2481630/2481630_1_125.jpg,마틴콕스(MARTINCOKS)
B004005,C2458537,디피코 클러치 21_RCBCX22213BEX,https://image.msscdn.net/images/goods_img/20220331/2458537/2458537_3_125.jpg,쿠론(COURONNE)
B004005,C2435312,페인팅 빅 클러치 - 콘크리트화이트,https://image.msscdn.net/images/goods_img/20220321/2435312/2435312_1_125.jpg,아라크나인(ARAC.9)
B004005,C2435310,페인팅 빅 클러치 - 콘크리트그레이블랙,https://image.msscdn.net/images/goods_img/20220321/2435310/2435310_1_125.jpg,아라크나인(ARAC.9)
B004005,C2435309,페인팅 빅 클러치 - 콘크리트멀티블랙,https://image.msscdn.net/images/goods_img/20220321/2435309/2435309_1_125.jpg,아라크나인(ARAC.9)
B004005,C2416187,사피아노 카드홀더 버클 미니백(블랙),https://image.msscdn.net/images/goods_img/20220314/2416187/2416187_1_125.jpg,빈트릴(BEENTRILL)
B004005,C2413297,듀베리 더블 클러치 백,https://image.msscdn.net/images/goods_img/20220311/2413297/2413297_2_125.jpg,르크로마키(LE
B004005,C2396247,[DANKONG Clutch] 단콩 클러치,https://image.msscdn.net/images/goods_img/20220303/2396247/2396247_16830918236014_125.jpg,씨네드(CINEDE)
B004005,C2394948,배색 프린트 골프 클러치 - 3625-137-267,https://image.msscdn.net/images/goods_img/20220303/2394948/2394948_2_125.jpg,이안
B004005,C2394331,모노 자수 클러치 - 블랙,https://image.msscdn.net/images/goods_img/20220303/2394331/2394331_1_125.jpg,코나모르(CONAMOR)
B004005,C2375966,N225ACB520 어반 몰딩 클러치백 BLACK,https://image.msscdn.net/images/goods_img/20220222/2375966/2375966_4_125.jpg,내셔널지오그래픽(NATIONALGEOGRAPHIC)
B004005,C2359655,데일리 클러치 카모블랙 MB21CCB-02,https://image.msscdn.net/images/goods_img/20220215/2359655/2359655_1_125.jpg,몬스터지(MONSTER
B004005,C2359645,이태리 천연가죽 골프 & 데일리 클러치 블랙 MB21CB-01,https://image.msscdn.net/images/goods_img/20220215/2359645/2359645_1_125.jpg,몬스터지(MONSTER
B004005,C2359641,이태리 천연가죽 골프 & 데일리 클러치 카모화이트 MB21CCW-03,https://image.msscdn.net/images/goods_img/20220215/2359641/2359641_1_125.jpg,몬스터지(MONSTER
B004005,C2351379,[N.HILL] 블랙 엠보 가죽 화이트 로고 심플 클러치백,https://image.msscdn.net/images/goods_img/20220210/2351379/2351379_1_125.jpg,헤지스
B004005,C2351378,[KEVIN] 블랙 소가죽 화이트로고 지퍼형 클러치백,https://image.msscdn.net/images/goods_img/20220210/2351378/2351378_1_125.jpg,헤지스
B004005,C2351377,[COLOR POINT] 블랙 라인배색 소가죽 클러치백,https://image.msscdn.net/images/goods_img/20220210/2351377/2351377_1_125.jpg,헤지스
B004005,C2351376,[KINGTON] 블랙 로고패턴 소가죽 클러치백,https://image.msscdn.net/images/goods_img/20220210/2351376/2351376_1_125.jpg,헤지스
B004005,C2346177,410 페이지 클러치백,https://image.msscdn.net/images/goods_img/20220208/2346177/2346177_1_125.jpg,헤비츠(HEVITZ)
B004005,C2345590,레귤러 클러치백 블랙,https://image.msscdn.net/images/goods_img/20220208/2345590/2345590_1_125.jpg,프록시엘(PROXY.L)
B004005,C2345505,레귤러 클러치백 그레이,https://image.msscdn.net/images/goods_img/20220208/2345505/2345505_1_125.jpg,프록시엘(PROXY.L)
B004005,C2343902,Duvet Clutch · 듀베클러치,https://image.msscdn.net/images/goods_img/20220207/2343902/2343902_3_125.jpg,스탠드오일(STAND
B004005,C2330990,[ROSELLA] 로젤라 패턴 클러치백,https://image.msscdn.net/images/goods_img/20220126/2330990/2330990_5_125.jpg,질스튜어트
B004005,C2317951,럭키 캔버스 파우치 세트 5045 카키,https://image.msscdn.net/images/goods_img/20220120/2317951/2317951_1_125.jpg,캉골(KANGOL)
B004005,C2317949,럭키 캔버스 파우치 세트 5045 네이비,https://image.msscdn.net/images/goods_img/20220120/2317949/2317949_1_125.jpg,캉골(KANGOL)
B004005,C2312628,아미 Ami 카모 클러치,https://image.msscdn.net/images/goods_img/20220118/2312628/2312628_16_125.jpg,카리스
B004005,C2312495,베네사 Vanessa 이그조틱 레더백 클러치 여성가방,https://image.msscdn.net/images/goods_img/20220118/2312495/2312495_6_125.jpg,카리스
B004005,C2312491,이오스 EOS 39 여성 클러치,https://image.msscdn.net/images/goods_img/20220118/2312491/2312491_6_125.jpg,카리스
B004005,C2306019,HAND WORK CHAOS CLUTCH_BG,https://image.msscdn.net/images/goods_img/20220113/2306019/2306019_1_125.jpg,더
B004005,C2306016,HAND WORK FREE CLUTCH_GRN,https://image.msscdn.net/images/goods_img/20220113/2306016/2306016_1_125.jpg,더
B004005,C2306005,HAND WORK LESS CLUTCH_GR,https://image.msscdn.net/images/goods_img/20220113/2306005/2306005_1_125.jpg,더
B004005,C2306002,HAND WORK LESS CLUTCH_OR,https://image.msscdn.net/images/goods_img/20220113/2306002/2306002_1_125.jpg,더
B004005,C2301342,F225ACB010 자카드 클러치백 BLACK,https://image.msscdn.net/images/goods_img/20220111/2301342/2301342_1_125.jpg,엔에프엘(NFL)
B004005,C2262650,레소 퍼 클러치,https://image.msscdn.net/images/goods_img/20211208/2262650/2262650_1_125.jpg,프루아(FFROI)
B004005,C2260750,스웨이드 박스 클러치,https://image.msscdn.net/images/goods_img/20211208/2260750/2260750_1_125.jpg,프루아(FFROI)
B004005,C2229268,라엘 클러치,https://image.msscdn.net/images/goods_img/20211112/2229268/2229268_1_125.jpg,세인트스코트(SAINT
B004005,C2149960,사피아노 레더 클러치 백 [블랙],https://image.msscdn.net/images/goods_img/20210928/2149960/2149960_1_125.jpg,무신사
B004005,C2195888,7325 밸런스 클러치,https://image.msscdn.net/images/goods_img/20211025/2195888/2195888_1_125.jpg,헤비츠(HEVITZ)
B004005,C2155333,케리클러치_라벤더,https://image.msscdn.net/images/goods_img/20210930/2155333/2155333_1_125.jpg,아르센루베(ARSENELUBE)
B004005,C2155321,케리클러치_토프,https://image.msscdn.net/images/goods_img/20210930/2155321/2155321_1_125.jpg,아르센루베(ARSENELUBE)
B004005,C2155308,케리클러치_네이비,https://image.msscdn.net/images/goods_img/20210930/2155308/2155308_1_125.jpg,아르센루베(ARSENELUBE)
B004005,C2128928,캐비어 엠보 클러치-블랙,https://image.msscdn.net/images/goods_img/20210914/2128928/2128928_1_125.jpg,엘엠엔3011(LMN3011)
B004005,C2106260,천연가죽 클러치백 - 3605-137-61,https://image.msscdn.net/images/goods_img/20210902/2106260/2106260_3_125.jpg,이안
B004005,C2082010,비건레더클러치 (다크베이지),https://image.msscdn.net/images/goods_img/20210823/2082010/2082010_1_125.jpg,헤이플(HEIPEUL)
B004005,C2082009,헤이플 비건레더클러치 (베이지),https://image.msscdn.net/images/goods_img/20210823/2082009/2082009_1_125.jpg,헤이플(HEIPEUL)
B004005,C2082008,헤이플 비건레더클러치 (그레이),https://image.msscdn.net/images/goods_img/20210823/2082008/2082008_1_125.jpg,헤이플(HEIPEUL)
B004005,C2081999,헤이플 비건레더클러치 (블랙 - B타입),https://image.msscdn.net/images/goods_img/20210823/2081999/2081999_1_125.jpg,헤이플(HEIPEUL)
B004005,C2081897,헤이플 비건레더클러치 (블랙 - A타입),https://image.msscdn.net/images/goods_img/20210823/2081897/2081897_1_125.jpg,헤이플(HEIPEUL)
B004005,C2051976,옥스포드 심벌 클러치백,https://image.msscdn.net/images/goods_img/20210806/2051976/2051976_7_125.jpg,클라만(KLAMMERN)
B004005,C2037200,클래식 클러치백 (VIPAC014),https://image.msscdn.net/images/goods_img/20210722/2037200/2037200_2_125.jpg,밴웍스(VANNWORKS)
B004005,C2037199,사피아노 클래식 클러치백 (VIPAC013),https://image.msscdn.net/images/goods_img/20210722/2037199/2037199_1_125.jpg,밴웍스(VANNWORKS)
B004005,C2025930,라지 클러치백 그레이,https://image.msscdn.net/images/goods_img/20210711/2025930/2025930_3_125.png,프록시엘(PROXY.L)
B004005,C2025929,라지 클러치백 블랙,https://image.msscdn.net/images/goods_img/20210711/2025929/2025929_3_125.png,프록시엘(PROXY.L)
B004005,C2016293,포니 로고 클러치,https://image.msscdn.net/images/goods_img/20210701/2016293/2016293_1_125.jpg,그리디어스(GREEDILOUS)
B004005,C2016279,포니 로고 클러치,https://image.msscdn.net/images/goods_img/20210701/2016279/2016279_1_125.jpg,그리디어스(GREEDILOUS)
B004005,C1993148,테일러 가죽 클러치백 T61001 탄 / 스몰,https://image.msscdn.net/images/goods_img/20210611/1993148/1993148_1_125.jpg,탄틴(TANTIN)
B004005,C1993146,탄틴 테일러 가죽 클러치백 T61001 그린 / 스몰,https://image.msscdn.net/images/goods_img/20210611/1993146/1993146_1_125.jpg,탄틴(TANTIN)
B004005,C1993145,탄틴 테일러 가죽 클러치백 T61001 브라운 / 스몰,https://image.msscdn.net/images/goods_img/20210611/1993145/1993145_1_125.jpg,탄틴(TANTIN)
B004005,C1993144,탄틴 테일러 가죽 클러치백 T61001 네이비 / 스몰,https://image.msscdn.net/images/goods_img/20210611/1993144/1993144_1_125.jpg,탄틴(TANTIN)
B004005,C1993143,탄틴 테일러 가죽 클러치백 T61001 그레이 / 스몰,https://image.msscdn.net/images/goods_img/20210611/1993143/1993143_1_125.jpg,탄틴(TANTIN)
B004005,C1993142,탄틴 테일러 가죽 클러치백 T61001 블랙 / 스몰,https://image.msscdn.net/images/goods_img/20210611/1993142/1993142_1_125.jpg,탄틴(TANTIN)
B004005,C1993127,탄틴 테일러 가죽 클러치백 T61001 탄 / 미디엄,https://image.msscdn.net/images/goods_img/20210611/1993127/1993127_1_125.jpg,탄틴(TANTIN)
B004005,C1993125,탄틴 테일러 가죽 클러치백 T61001 그린 / 미디엄,https://image.msscdn.net/images/goods_img/20210611/1993125/1993125_1_125.jpg,탄틴(TANTIN)
B004005,C1993123,탄틴 테일러 가죽 클러치백 T61001 브라운 / 미디엄,https://image.msscdn.net/images/goods_img/20210611/1993123/1993123_1_125.jpg,탄틴(TANTIN)
B004005,C1993122,탄틴 테일러 가죽 클러치백 T61001 네이비 / 미디엄,https://image.msscdn.net/images/goods_img/20210611/1993122/1993122_1_125.jpg,탄틴(TANTIN)
B004005,C1993120,탄틴 테일러 가죽 클러치백 T61001 그레이 / 미디엄,https://image.msscdn.net/images/goods_img/20210611/1993120/1993120_1_125.jpg,탄틴(TANTIN)
B004005,C1993118,테일러 가죽 클러치백 T61001 블랙 / 미디엄,https://image.msscdn.net/images/goods_img/20210611/1993118/1993118_1_125.jpg,탄틴(TANTIN)
B004005,C1993115,탄틴 테일러 가죽 클러치백 T61001 그린 / 라지,https://image.msscdn.net/images/goods_img/20210611/1993115/1993115_1_125.jpg,탄틴(TANTIN)
B004005,C1993113,탄틴 테일러 가죽 클러치백 T61001 브라운 / 라지,https://image.msscdn.net/images/goods_img/20210611/1993113/1993113_1_125.jpg,탄틴(TANTIN)
B004005,C1993112,탄틴 테일러 가죽 클러치백 T61001 네이비 / 라지,https://image.msscdn.net/images/goods_img/20210611/1993112/1993112_1_125.jpg,탄틴(TANTIN)
B004005,C1993111,탄틴 테일러 가죽 클러치백 T61001 그레이 / 라지,https://image.msscdn.net/images/goods_img/20210611/1993111/1993111_1_125.jpg,탄틴(TANTIN)
B004005,C1993110,탄틴 테일러 가죽 클러치백 T61001 블랙 / 라지,https://image.msscdn.net/images/goods_img/20210611/1993110/1993110_1_125.jpg,탄틴(TANTIN)
B004005,C1993088,탄틴 테일러 가죽 클러치백 T61001 탄 / 라지,https://image.msscdn.net/images/goods_img/20210611/1993088/1993088_1_125.jpg,탄틴(TANTIN)
B004005,C1992842,클래식 클러치,https://image.msscdn.net/images/goods_img/20210611/1992842/1992842_1_125.jpg,코운(CONE)
B004005,C1975501,사피아노 에센셜 클러치,https://image.msscdn.net/images/goods_img/20210531/1975501/1975501_6_125.jpg,효지(HYOJI)
B004005,C1970508,빅로고 프리미엄 소가죽 클러치백,https://image.msscdn.net/images/goods_img/20210527/1970508/1970508_1_125.jpg,비에스제이(BSJ)
B004005,C1970464,스몰로고 프리미엄 소가죽 클러치백,https://image.msscdn.net/images/goods_img/20210527/1970464/1970464_1_125.jpg,비에스제이(BSJ)
B004005,C1952513,퀵 패디드 케이스 S - BLACK 파우치,https://image.msscdn.net/images/goods_img/20210514/1952513/1952513_16826681202699_125.jpg,그레고리(GREGORY)
B004005,C1937338,그레인지 S [PINK],https://image.msscdn.net/images/goods_img/20210504/1937338/1937338_1_125.png,그랭드보떼(GRAIN
B004005,C1937336,그레인지 S [IVORY],https://image.msscdn.net/images/goods_img/20210504/1937336/1937336_1_125.png,그랭드보떼(GRAIN
B004005,C1937330,그레인지 S [NAVY],https://image.msscdn.net/images/goods_img/20210504/1937330/1937330_1_125.png,그랭드보떼(GRAIN
B004005,C1937326,그레인지 S [GRAY],https://image.msscdn.net/images/goods_img/20210504/1937326/1937326_1_125.png,그랭드보떼(GRAIN
B004005,C1934813,비건 데일리 클러치백 남녀공용 3 Colors,https://image.msscdn.net/images/goods_img/20210503/1934813/1934813_1_125.png,왈라루(WALLAROO)
B004005,C1901618,아르누보 프린트 클러치,https://image.msscdn.net/images/goods_img/20210415/1901618/1901618_1_125.jpg,그리디어스(GREEDILOUS)
B004005,C1901609,페이즐리 로고 프린트 클러치,https://image.msscdn.net/images/goods_img/20210415/1901609/1901609_1_125.jpg,그리디어스(GREEDILOUS)
B004005,C1901282,페이즐리 로고 프린트 클러치,https://image.msscdn.net/images/goods_img/20210415/1901282/1901282_1_125.jpg,그리디어스(GREEDILOUS)
B004005,C1898476,여성클러치 HL3TL17BL,https://image.msscdn.net/images/goods_img/20210414/1898476/1898476_1_125.jpg,루이까또즈(LOUIS
B004005,C1871782,BS-71087 세븐티스 클러치 겸용 크로스백,https://image.msscdn.net/images/goods_img/20210330/1871782/1871782_1_125.jpg,수잇수잇(SUITSUIT)
B004005,C1862162,클러치백 MO2DL04BL,https://image.msscdn.net/images/goods_img/20210324/1862162/1862162_2_125.jpg,루이까또즈(LOUIS
B004005,C1846131,클러치백 MM1AH01BL,https://image.msscdn.net/images/goods_img/20210316/1846131/1846131_1_125.jpg,루이까또즈(LOUIS
B004005,C1844595,미키마우스 파우치 가죽 클러치백 D30532BR,https://image.msscdn.net/images/goods_img/20210315/1844595/1844595_17071977828049_125.jpg,디즈니(Disney)
B004005,C1844592,미키마우스 파우치 가죽 클러치백 D30527BR,https://image.msscdn.net/images/goods_img/20210315/1844592/1844592_17071977737914_125.jpg,디즈니(Disney)
B004005,C1844591,미키마우스 파우치 가죽 클러치백 D30432BK,https://image.msscdn.net/images/goods_img/20210315/1844591/1844591_17071977638746_125.jpg,디즈니(Disney)
B004005,C1844586,미키마우스 파우치 가죽 클러치백 D30332BK,https://image.msscdn.net/images/goods_img/20210315/1844586/1844586_17071977543438_125.jpg,디즈니(Disney)
B004005,C1844575,미키마우스 파우치 가죽 클러치백 D30232BK,https://image.msscdn.net/images/goods_img/20210315/1844575/1844575_17071977446251_125.jpg,디즈니(Disney)
B004005,C1844550,미키마우스 파우치 가죽 클러치백 D30132BK,https://image.msscdn.net/images/goods_img/20210315/1844550/1844550_17071977356227_125.jpg,디즈니(Disney)
B004005,C1837136,베지터블레더 클러치(탄컬러),https://image.msscdn.net/images/goods_img/20210310/1837136/1837136_1_125.jpg,브라스보트(BRASSBOATS)
B004005,C1837133,베지터블레더 클러치 (카모),https://image.msscdn.net/images/goods_img/20210310/1837133/1837133_1_125.jpg,브라스보트(BRASSBOATS)
B004005,C1837129,베지터블레더 클러치 (버건디),https://image.msscdn.net/images/goods_img/20210310/1837129/1837129_1_125.jpg,브라스보트(BRASSBOATS)
B004005,C1837116,베지터블레더 클러치 (블랙),https://image.msscdn.net/images/goods_img/20210310/1837116/1837116_1_125.jpg,브라스보트(BRASSBOATS)
B004005,C1831450,투 칼라 가죽클러치,https://image.msscdn.net/images/goods_img/20210307/1831450/1831450_1_125.jpg,수인(SUIN)
B004005,C1831449,투 칼라 가죽클러치,https://image.msscdn.net/images/goods_img/20210307/1831449/1831449_1_125.jpg,수인(SUIN)
B004005,C1831448,투 칼라 가죽클러치,https://image.msscdn.net/images/goods_img/20210307/1831448/1831448_1_125.jpg,수인(SUIN)
B004005,C1812826,(베이직130)클러치 (LKF2C500BRLC01),https://image.msscdn.net/images/goods_img/20210224/1812826/1812826_1_125.jpg,러브캣(LOVCAT)
B004005,C1801128,홀로그램 클러치,https://image.msscdn.net/images/goods_img/20210218/1801128/1801128_1_125.jpg,초이시(CHOISY)
B004005,C1790506,[N.HILL] 블랙 가죽 심플 스트랩 클러치백,https://image.msscdn.net/images/goods_img/20210210/1790506/1790506_1_125.jpg,헤지스
B004005,C1775652,클러치백 MO2DL03BL,https://image.msscdn.net/images/goods_img/20210203/1775652/1775652_3_125.jpg,루이까또즈(LOUIS
B004005,C1775649,여성클러치 HO3QT05NA,https://image.msscdn.net/images/goods_img/20210203/1775649/1775649_1_125.jpg,루이까또즈(LOUIS
B004005,C1775646,여성클러치 HO3QT04WI,https://image.msscdn.net/images/goods_img/20210203/1775646/1775646_1_125.jpg,루이까또즈(LOUIS
B004005,C1775643,여성클러치 HO3QT04BL,https://image.msscdn.net/images/goods_img/20210203/1775643/1775643_1_125.jpg,루이까또즈(LOUIS
B004005,C1752299,노블 아이패드 파우치 클러치백 T63012,https://image.msscdn.net/images/goods_img/20210118/1752299/1752299_2_125.jpg,탄틴(TANTIN)
B004005,C1740183,한반도 클러치백,https://image.msscdn.net/images/goods_img/20210108/1740183/1740183_1_125.jpg,메이드한멋(MADEHANMUT)
B004005,C1736511,CONSTRUCTED 기타 테이트 EIABX01 46Q,https://image.msscdn.net/images/goods_img/20210105/1736511/1736511_1_125.jpg,이스트팩(EASTPAK)
B004005,C1736510,CONSTRUCTED 기타 테이트 EIABX01 47Q,https://image.msscdn.net/images/goods_img/20210105/1736510/1736510_1_125.jpg,이스트팩(EASTPAK)
B004005,C1736508,LEATHER 기타 테이트 EIABX04 64O,https://image.msscdn.net/images/goods_img/20210105/1736508/1736508_1_125.jpg,이스트팩(EASTPAK)
B004005,C1732718,프리미엄 유니크 클러치백 T63011,https://image.msscdn.net/images/goods_img/20201229/1732718/1732718_1_125.jpg,탄틴(TANTIN)
B004005,C1721826,SHOUSHOU_GREEN,https://image.msscdn.net/images/goods_img/20201214/1721826/1721826_1_125.jpg,줄라이포(JULYFOUR)
B004005,C1721825,SHOUSHOU_NAVY,https://image.msscdn.net/images/goods_img/20201214/1721825/1721825_1_125.jpg,줄라이포(JULYFOUR)
B004005,C1721824,SHOUSHOU_MUD,https://image.msscdn.net/images/goods_img/20201214/1721824/1721824_1_125.jpg,줄라이포(JULYFOUR)
B004005,C1721823,SHOUSHOU_RED,https://image.msscdn.net/images/goods_img/20201214/1721823/1721823_1_125.jpg,줄라이포(JULYFOUR)
B004005,C1721822,SHOUSHOU_MINT,https://image.msscdn.net/images/goods_img/20201214/1721822/1721822_1_125.jpg,줄라이포(JULYFOUR)
B004005,C1721821,SHOUSHOU_BEIGE,https://image.msscdn.net/images/goods_img/20201214/1721821/1721821_1_125.jpg,줄라이포(JULYFOUR)
B004005,C1721820,SHOUSHOU_BROWN,https://image.msscdn.net/images/goods_img/20201214/1721820/1721820_1_125.jpg,줄라이포(JULYFOUR)
B004005,C1721819,SHOUSHOU_BLACK,https://image.msscdn.net/images/goods_img/20201214/1721819/1721819_1_125.jpg,줄라이포(JULYFOUR)
B004005,C1721818,SHOUSHOU_PINK,https://image.msscdn.net/images/goods_img/20201214/1721818/1721818_1_125.jpg,줄라이포(JULYFOUR)
B004005,C1721817,SHOUSHOU_CAMEL,https://image.msscdn.net/images/goods_img/20201214/1721817/1721817_1_125.jpg,줄라이포(JULYFOUR)
B004005,C1716564,도노 클러치백  LM-1700600 BLACK,https://image.msscdn.net/images/goods_img/20201208/1716564/1716564_1_125.jpg,란체티(LANCETTI)
B004005,C1713862,플러쉬 클러치 - 윈터 그린,https://image.msscdn.net/images/goods_img/20201204/1713862/1713862_1_125.jpg,카부(KAVU)
B004005,C1713854,플러쉬 클러치 - Port Royal,https://image.msscdn.net/images/goods_img/20201204/1713854/1713854_1_125.jpg,카부(KAVU)
B004005,C1712977,플러쉬 클러치 - Caramel,https://image.msscdn.net/images/goods_img/20201203/1712977/1712977_2_125.jpg,카부(KAVU)
B004005,C1712969,플러쉬 클러치 - Black,https://image.msscdn.net/images/goods_img/20201203/1712969/1712969_1_125.jpg,카부(KAVU)
B004005,C1712554,클러치 HN1CD13NC,https://image.msscdn.net/images/goods_img/20201203/1712554/1712554_2_125.jpg,루이까또즈(LOUIS
B004005,C1708415,레트로 로고 클러치백[navy(UNISEX)]_UTA-FM23,https://image.msscdn.net/images/goods_img/20201201/1708415/1708415_1_125.jpg,언티지(UNTAGE)
B004005,C1708397,레트로 로고 클러치백[(beige(UNISEX)]_UTA-FM22,https://image.msscdn.net/images/goods_img/20201201/1708397/1708397_1_125.jpg,언티지(UNTAGE)
B004005,C1708383,아트웍 로고 클러치백(UNISEX)_UTA-FM21,https://image.msscdn.net/images/goods_img/20201201/1708383/1708383_1_125.jpg,언티지(UNTAGE)
B004005,C1707382,심볼 로고 가죽 클러치백_UTA-FM20,https://image.msscdn.net/images/goods_img/20201130/1707382/1707382_1_125.jpg,언티지(UNTAGE)
B004005,C1704768,심포니 엠보 클러치-블랙,https://image.msscdn.net/images/goods_img/20201127/1704768/1704768_1_125.jpg,엘엠엔3011(LMN3011)
B004005,C1704767,심포니 엠보 클러치-실버,https://image.msscdn.net/images/goods_img/20201127/1704767/1704767_1_125.jpg,엘엠엔3011(LMN3011)
B004005,C1700205,fran fog patch pouch_3colors,https://image.msscdn.net/images/goods_img/20201124/1700205/1700205_16891486167260_125.jpg,포디어웍스(4DEAWORKS)
B004005,C1695243,다니엘 클러치백,https://image.msscdn.net/images/goods_img/20201119/1695243/1695243_1_125.jpg,제이미웨스트(JAMIE
B004005,C1682251,누보 클러치백 nebo clutch bag C17-BROWN,https://image.msscdn.net/images/goods_img/20201108/1682251/1682251_1_125.jpg,헤이플(HEIPEUL)
B004005,C1682249,누보 클러치백 nebo clutch bag C16-CHOCO,https://image.msscdn.net/images/goods_img/20201108/1682249/1682249_1_125.jpg,헤이플(HEIPEUL)
B004005,C1682247,누보 클러치백 nebo clutch bag C15-BLUE,https://image.msscdn.net/images/goods_img/20201108/1682247/1682247_1_125.jpg,헤이플(HEIPEUL)
B004005,C1682246,누보 클러치백 nebo clutch bag C14-BLACK,https://image.msscdn.net/images/goods_img/20201108/1682246/1682246_1_125.jpg,헤이플(HEIPEUL)
B004005,C1682244,누보 클러치백 nebo clutch bag C13-WHITE,https://image.msscdn.net/images/goods_img/20201108/1682244/1682244_1_125.jpg,헤이플(HEIPEUL)
B004005,C1682242,누보 클러치백 nebo clutch bag C12-IVORY,https://image.msscdn.net/images/goods_img/20201108/1682242/1682242_1_125.jpg,헤이플(HEIPEUL)
B004005,C1682240,누보 클러치백 nebo clutch bag C11-BLACK,https://image.msscdn.net/images/goods_img/20201108/1682240/1682240_7_125.jpg,헤이플(HEIPEUL)
B004005,C1682237,누보 클러치백 nebo clutch bag C10-BLUE,https://image.msscdn.net/images/goods_img/20201108/1682237/1682237_1_125.jpg,헤이플(HEIPEUL)
B004005,C1682235,누보 클러치백 nebo clutch bag C9-BLACK,https://image.msscdn.net/images/goods_img/20201108/1682235/1682235_1_125.jpg,헤이플(HEIPEUL)
B004005,C1682234,누보 클러치백 nebo clutch bag C8-BROWN,https://image.msscdn.net/images/goods_img/20201108/1682234/1682234_1_125.jpg,헤이플(HEIPEUL)
B004005,C1682233,누보 클러치백 nebo clutch bag C7-BROWN,https://image.msscdn.net/images/goods_img/20201108/1682233/1682233_1_125.jpg,헤이플(HEIPEUL)
B004005,C1682230,누보 클러치백 nebo clutch bag C5-BLACK,https://image.msscdn.net/images/goods_img/20201108/1682230/1682230_1_125.jpg,헤이플(HEIPEUL)
B004005,C1682229,누보 클러치백 nebo clutch bag C4-BROWN,https://image.msscdn.net/images/goods_img/20201108/1682229/1682229_1_125.jpg,헤이플(HEIPEUL)
B004005,C1682227,누보 클러치백 nebo clutch bag C3-BLUE,https://image.msscdn.net/images/goods_img/20201108/1682227/1682227_1_125.jpg,헤이플(HEIPEUL)
B004005,C1682225,누보 클러치백 nebo clutch bag C2-BLACK,https://image.msscdn.net/images/goods_img/20201108/1682225/1682225_1_125.jpg,헤이플(HEIPEUL)
B004005,C1682220,누보 클러치백 nebo clutch bag C1-BROWN,https://image.msscdn.net/images/goods_img/20201108/1682220/1682220_1_125.jpg,헤이플(HEIPEUL)
B004005,C1682218,포니 클러치 백 MORI,https://image.msscdn.net/images/goods_img/20201108/1682218/1682218_1_125.jpg,헤이플(HEIPEUL)
B004005,C1680069,렉스 클러치백  LM-1700512 NAVY,https://image.msscdn.net/images/goods_img/20201105/1680069/1680069_1_125.jpg,란체티(LANCETTI)
B004005,C1680052,렉스 클러치백 LM-1700501 GRAY,https://image.msscdn.net/images/goods_img/20201105/1680052/1680052_1_125.jpg,란체티(LANCETTI)
B004005,C1680020,렉스 클러치백  LM-1700500 BLACK,https://image.msscdn.net/images/goods_img/20201105/1680020/1680020_1_125.jpg,란체티(LANCETTI)
B004005,C1676054,RE: BAG_브라운 (클러치백),https://image.msscdn.net/images/goods_img/20201103/1676054/1676054_1_125.jpg,에이멘테(AMENTE)
B004005,C1676010,RE: BAG_블랙 (클러치백),https://image.msscdn.net/images/goods_img/20201103/1676010/1676010_1_125.jpg,에이멘테(AMENTE)
B004005,C1653417,니팅파우치,https://image.msscdn.net/images/goods_img/20201018/1653417/1653417_1_125.jpg,니어앤디어(NEAR&DEAR)
B004005,C1599440,ROUND LEATHER CLUTCHBAG,https://image.msscdn.net/images/goods_img/20200913/1599440/1599440_1_125.png,에잇피스(EIGHTPEACE)
B004005,C1599436,LEATHER BUCKLE CLUTCHBAG,https://image.msscdn.net/images/goods_img/20200913/1599436/1599436_1_125.png,에잇피스(EIGHTPEACE)
B004005,C1586334,메쉬미니백 카키,https://image.msscdn.net/images/goods_img/20200907/1586334/1586334_1_125.jpg,제이커스(JKUSS)
B004005,C1583388,피카부 클러치 - CLEAR WHITE,https://image.msscdn.net/images/goods_img/20200903/1583388/1583388_1_125.jpg,밴도(BAN.DO)
B004005,C1573705,발틱 클러치 아이보리,https://image.msscdn.net/images/goods_img/20200901/1573705/1573705_1_125.jpg,모이에토이
B004005,C1557228,피카부 투명 써클 클러치,https://image.msscdn.net/images/goods_img/20200820/1557228/1557228_1_125.jpg,밴도(BAN.DO)
B004005,C1557227,피카부 투명 클러치 5종,https://image.msscdn.net/images/goods_img/20200820/1557227/1557227_1_125.jpg,밴도(BAN.DO)
B004005,C1542041,마이크로 오플 엠보 클러치-블랙,https://image.msscdn.net/images/goods_img/20200807/1542041/1542041_1_125.jpg,엘엠엔3011(LMN3011)
B004005,C1542038,크로커다일 엠보클러치-블랙,https://image.msscdn.net/images/goods_img/20200807/1542038/1542038_1_125.jpg,엘엠엔3011(LMN3011)
B004005,C1540336,조이풀 벨벳 클러치 LW9AE8090_AV,https://image.msscdn.net/images/goods_img/20200806/1540336/1540336_1_125.jpg,조이그라이슨(JOY
B004005,C1540335,조이풀 벨벳 클러치 LW9AE8090_AU,https://image.msscdn.net/images/goods_img/20200806/1540335/1540335_1_125.jpg,조이그라이슨(JOY
B004005,C1534582,베이지카모 클러치 [WPPK058](남녀공용),https://image.msscdn.net/images/goods_img/20200731/1534582/1534582_1_125.jpg,웍스페디션(WORKS
B004005,C1529627,SAHAR compact clutch 2 color,https://image.msscdn.net/images/goods_img/20200728/1529627/1529627_16736162575891_125.jpg,앤오즈(ANODDS)
B004005,C1528312,블랙 클래식 클러치백,https://image.msscdn.net/images/goods_img/20200728/1528312/1528312_1_125.jpg,질스튜어트
B004005,C1525867,ULB071_숄더 클러치 뮤즈_내츄럴 베이지,https://image.msscdn.net/images/goods_img/20200724/1525867/1525867_1_125.jpg,유나이티드뱀부(UNITED
B004005,C1525865,ULB071_숄더 클러치 뮤즈_네이비,https://image.msscdn.net/images/goods_img/20200724/1525865/1525865_1_125.jpg,유나이티드뱀부(UNITED
B004005,C1525864,ULB071_숄더 클러치 뮤즈_그레이,https://image.msscdn.net/images/goods_img/20200724/1525864/1525864_1_125.jpg,유나이티드뱀부(UNITED
B004005,C1525862,ULB071_숄더 클러치 뮤즈_블랙,https://image.msscdn.net/images/goods_img/20200724/1525862/1525862_1_125.jpg,유나이티드뱀부(UNITED
B004005,C1525861,ULB071_숄더 클러치 뮤즈_레드,https://image.msscdn.net/images/goods_img/20200724/1525861/1525861_1_125.jpg,유나이티드뱀부(UNITED
B004005,C1525852,ULB069_프린트 클러치_블랙,https://image.msscdn.net/images/goods_img/20200724/1525852/1525852_1_125.jpg,유나이티드뱀부(UNITED
B004005,C1525851,ULB069_프린트 클러치_그레이,https://image.msscdn.net/images/goods_img/20200724/1525851/1525851_1_125.jpg,유나이티드뱀부(UNITED
B004005,C1525850,ULB069_프린트 클러치_네이비,https://image.msscdn.net/images/goods_img/20200724/1525850/1525850_1_125.jpg,유나이티드뱀부(UNITED
B004005,C1525849,ULB069_프린트 클러치_내츄럴베이지,https://image.msscdn.net/images/goods_img/20200724/1525849/1525849_1_125.jpg,유나이티드뱀부(UNITED
B004005,C1525848,ULB068_프린트 클러치_블랙,https://image.msscdn.net/images/goods_img/20200724/1525848/1525848_1_125.jpg,유나이티드뱀부(UNITED
B004005,C1525847,ULB068_프린트 클러치_네이비,https://image.msscdn.net/images/goods_img/20200724/1525847/1525847_1_125.jpg,유나이티드뱀부(UNITED
B004005,C1525846,ULB068_프린트 클러치_내츄럴베이지,https://image.msscdn.net/images/goods_img/20200724/1525846/1525846_1_125.jpg,유나이티드뱀부(UNITED
B004005,C1525845,ULB067_프린트 클러치_그레이,https://image.msscdn.net/images/goods_img/20200724/1525845/1525845_1_125.jpg,유나이티드뱀부(UNITED
B004005,C1525844,ULB067_프린트 클러치_네이비,https://image.msscdn.net/images/goods_img/20200724/1525844/1525844_1_125.jpg,유나이티드뱀부(UNITED
B004005,C1525843,ULB067_프린트 클러치_내츄럴베이지,https://image.msscdn.net/images/goods_img/20200724/1525843/1525843_1_125.jpg,유나이티드뱀부(UNITED
B004005,C1525842,ULB063_프린트 클러치_옐로우,https://image.msscdn.net/images/goods_img/20200724/1525842/1525842_1_125.jpg,유나이티드뱀부(UNITED
B004005,C1525841,ULB063_프린트 클러치_블루,https://image.msscdn.net/images/goods_img/20200724/1525841/1525841_1_125.jpg,유나이티드뱀부(UNITED
B004005,C1525840,ULB063_프린트 클러치_그린,https://image.msscdn.net/images/goods_img/20200724/1525840/1525840_1_125.jpg,유나이티드뱀부(UNITED
B004005,C1525839,ULB063_프린트 클러치_레드,https://image.msscdn.net/images/goods_img/20200724/1525839/1525839_1_125.jpg,유나이티드뱀부(UNITED
B004005,C1525838,ULB062_프린트 클러치_옐로우,https://image.msscdn.net/images/goods_img/20200724/1525838/1525838_1_125.jpg,유나이티드뱀부(UNITED
B004005,C1525837,ULB062_프린트 클러치_블루,https://image.msscdn.net/images/goods_img/20200724/1525837/1525837_1_125.jpg,유나이티드뱀부(UNITED
B004005,C1525836,ULB062_프린트 클러치_그린,https://image.msscdn.net/images/goods_img/20200724/1525836/1525836_1_125.jpg,유나이티드뱀부(UNITED
B004005,C1525835,ULB062_프린트 클러치_레드,https://image.msscdn.net/images/goods_img/20200724/1525835/1525835_1_125.jpg,유나이티드뱀부(UNITED
B004005,C1525834,ULB061_프린트 클러치_옐로우,https://image.msscdn.net/images/goods_img/20200724/1525834/1525834_1_125.jpg,유나이티드뱀부(UNITED
B004005,C1525833,ULB061_프린트 클러치_블루,https://image.msscdn.net/images/goods_img/20200724/1525833/1525833_1_125.jpg,유나이티드뱀부(UNITED
B004005,C1525832,ULB061_프린트 클러치_그린,https://image.msscdn.net/images/goods_img/20200724/1525832/1525832_1_125.jpg,유나이티드뱀부(UNITED
B004005,C1525831,ULB061_프린트 클러치_레드,https://image.msscdn.net/images/goods_img/20200724/1525831/1525831_1_125.jpg,유나이티드뱀부(UNITED
B004005,C1525305,[핸드폰 클러치] Cell Phone Clutch,https://image.msscdn.net/images/goods_img/20200723/1525305/1525305_1_125.jpg,러브참(LOVECHARM)
B004005,C1519157,홈질 손가방,https://image.msscdn.net/images/goods_img/20200717/1519157/1519157_17017489348188_125.jpg,레지(LEJI)
B004005,C1516841,트로이 클러치백 손가방 파우치 맨스백 HM-5700800,https://image.msscdn.net/images/goods_img/20200716/1516841/1516841_1_125.jpg,허스키(HUSKY)
B004005,C1479437,투톤 솔리드 클러치백 아이보리블랙,https://image.msscdn.net/images/goods_img/20200610/1479437/1479437_3_125.jpg,모노플럭스(MONOFLUX)
B004005,C1479424,투톤 솔리드 클러치백 네이비블랙,https://image.msscdn.net/images/goods_img/20200610/1479424/1479424_1_125.jpg,모노플럭스(MONOFLUX)
B004005,C1478270,레드 카모플라주 클러치,https://image.msscdn.net/images/goods_img/20200609/1478270/1478270_1_125.jpg,그리디어스(GREEDILOUS)
B004005,C1478262,지니어스 클러치,https://image.msscdn.net/images/goods_img/20200609/1478262/1478262_1_125.jpg,그리디어스(GREEDILOUS)
B004005,C1478246,하트 클러치,https://image.msscdn.net/images/goods_img/20200609/1478246/1478246_1_125.jpg,그리디어스(GREEDILOUS)
B004005,C1475248,MON CARRY 파우치 그레이 IPC70/GY,https://image.msscdn.net/images/goods_img/20200605/1475248/1475248_1_125.jpg,트로이카(TROIKA)
B004005,C1474297,MON CARRY 파우치 블랙 IPC70/BK,https://image.msscdn.net/images/goods_img/20200604/1474297/1474297_1_125.jpg,트로이카(TROIKA)
B004005,C1467204,엠엘 클러치 백 브라운 [WPPK057](남녀공용),https://image.msscdn.net/images/goods_img/20200528/1467204/1467204_1_125.jpg,웍스페디션(WORKS
B004005,C1467105,엠엘 클러치 백 다크 [WPPK056](남녀공용),https://image.msscdn.net/images/goods_img/20200528/1467105/1467105_2_125.jpg,웍스페디션(WORKS
B004005,C1449720,블루 카모플라주 클러치,https://image.msscdn.net/images/goods_img/20200515/1449720/1449720_1_125.jpg,그리디어스(GREEDILOUS)
B004005,C1443898,발틱 클러치31 빈티지 B-그린,https://image.msscdn.net/images/goods_img/20200513/1443898/1443898_1_125.jpg,모이에토이
B004005,C1438713,포웨이 지퍼 포켓 클러치백 화이트,https://image.msscdn.net/images/goods_img/20200511/1438713/1438713_1_125.jpg,스탠아드(STAN
B004005,C1423898,플랫 미니 백,https://image.msscdn.net/images/goods_img/20200427/1423898/1423898_1_125.jpg,앤드에잇(AND08)
B004005,C1407427,[주얼클러치] Jewel Clutch,https://image.msscdn.net/images/goods_img/20200416/1407427/1407427_1_125.jpg,러브참(LOVECHARM)
B004005,C1390934,본느 클러치백 [스카이],https://image.msscdn.net/images/goods_img/20200408/1390934/1390934_3_125.jpg,모르(MORL)
B004005,C1373704,에스 미니 포켓 크로스백 _ 핑크,https://image.msscdn.net/images/goods_img/20200330/1373704/1373704_1_125.jpg,마스마룰즈(MASMARULEZ)
B004005,C1373629,에스 미니 포켓 크로스백 _ 그레이,https://image.msscdn.net/images/goods_img/20200330/1373629/1373629_1_125.jpg,마스마룰즈(MASMARULEZ)
B004005,C1369114,클러치백 HL3TL17BL,https://image.msscdn.net/images/goods_img/20200326/1369114/1369114_2_125.jpg,루이까또즈(LOUIS
B004005,C1363624,허드슨  클러치 맨스 파우치 손가방 HM-5700912,https://image.msscdn.net/images/goods_img/20200323/1363624/1363624_1_125.jpg,허스키(HUSKY)
B004005,C1363578,허드슨 블랙 클러치 맨스 파우치 손가방 HM-5700903,https://image.msscdn.net/images/goods_img/20200323/1363578/1363578_1_125.jpg,허스키(HUSKY)
B004005,C1360016,핑크 도그 클러치백,https://image.msscdn.net/images/goods_img/20200319/1360016/1360016_1_125.jpg,그리디어스(GREEDILOUS)
B004005,C1360015,민트 도그 클러치백,https://image.msscdn.net/images/goods_img/20200319/1360015/1360015_1_125.jpg,그리디어스(GREEDILOUS)
B004005,C1360014,블랙 지오메트릭 클러치백,https://image.msscdn.net/images/goods_img/20200319/1360014/1360014_1_125.jpg,그리디어스(GREEDILOUS)
B004005,C1360013,피치 샹들리에 클러치백,https://image.msscdn.net/images/goods_img/20200319/1360013/1360013_1_125.jpg,그리디어스(GREEDILOUS)
B004005,C1360012,화이트 샹들리에 클러치백,https://image.msscdn.net/images/goods_img/20200319/1360012/1360012_1_125.jpg,그리디어스(GREEDILOUS)
B004005,C1352330,뉴이안 클러치 (화이트),https://image.msscdn.net/images/goods_img/20200316/1352330/1352330_2_125.jpg,비아모노(VIAMONOH)
B004005,C1352328,플레이풀 캔버스 클러치 (인디고),https://image.msscdn.net/images/goods_img/20200316/1352328/1352328_2_125.jpg,비아모노(VIAMONOH)
B004005,C1352326,비아모노X니나킴 클러치 (민트),https://image.msscdn.net/images/goods_img/20200316/1352326/1352326_2_125.jpg,비아모노(VIAMONOH)
B004005,C1352325,비아모노X니나킴 클러치 (핑크),https://image.msscdn.net/images/goods_img/20200316/1352325/1352325_2_125.jpg,비아모노(VIAMONOH)
B004005,C1351979,엡송 포켓 클러치백 버건디,https://image.msscdn.net/images/goods_img/20200316/1351979/1351979_1_125.jpg,모노플럭스(MONOFLUX)
B004005,C1351977,엡송 포켓 클러치백 베이지,https://image.msscdn.net/images/goods_img/20200316/1351977/1351977_2_125.jpg,모노플럭스(MONOFLUX)
B004005,C1348622,H. SNAP BUTTON CLUTCH BAG,https://image.msscdn.net/images/goods_img/20200312/1348622/1348622_1_125.jpg,디스이즈에이치(THIS
B004005,C1337901,네오홀로그램로고클러치,https://image.msscdn.net/images/goods_img/20200306/1337901/1337901_1_125.jpg,수인(SUIN)
B004005,C1337899,네오홀로그램로고클러치,https://image.msscdn.net/images/goods_img/20200306/1337899/1337899_1_125.jpg,수인(SUIN)
B004005,C1337897,플라워클러치,https://image.msscdn.net/images/goods_img/20200306/1337897/1337897_5_125.jpg,수인(SUIN)
B004005,C1337896,플라워클러치,https://image.msscdn.net/images/goods_img/20200306/1337896/1337896_5_125.jpg,수인(SUIN)
B004005,C1337892,네오홀로그램로고클러치,https://image.msscdn.net/images/goods_img/20200306/1337892/1337892_1_125.jpg,수인(SUIN)
B004005,C1321118,스마일클러치,https://image.msscdn.net/images/goods_img/20200225/1321118/1321118_16869792852436_125.jpg,수인(SUIN)
B004005,C1321116,스마일클러치,https://image.msscdn.net/images/goods_img/20200225/1321116/1321116_16869792799252_125.jpg,수인(SUIN)
B004005,C1321111,스마일파우치,https://image.msscdn.net/images/goods_img/20200225/1321111/1321111_16869793013647_125.jpg,수인(SUIN)
B004005,C1321108,스마일클러치,https://image.msscdn.net/images/goods_img/20200225/1321108/1321108_16869792839812_125.jpg,수인(SUIN)
B004005,C1299952,타슬파우치,https://image.msscdn.net/images/goods_img/20200211/1299952/1299952_16869792829516_125.jpg,수인(SUIN)
B004005,C1299951,타슬파우치,https://image.msscdn.net/images/goods_img/20200211/1299951/1299951_16869792811354_125.jpg,수인(SUIN)
B004005,C1294880,A4.9 랩탑 슬리브 [브라운 크로크],https://image.msscdn.net/images/goods_img/20200206/1294880/1294880_1_125.jpg,에이제로(AZERO)
B004005,C1265837,필 파우치 오플 레더 그레이,https://image.msscdn.net/images/goods_img/20200108/1265837/1265837_1_125.jpg,존규(JOHNGYU)
B004005,C1265805,필 파우치 오플 레더 베이지,https://image.msscdn.net/images/goods_img/20200108/1265805/1265805_1_125.jpg,존규(JOHNGYU)
B004005,C1257643,본느 알롱제백 [버건디],https://image.msscdn.net/images/goods_img/20191227/1257643/1257643_1_125.jpg,모르(MORL)
B004005,C1255318,클래식 클러치백 (Brown),https://image.msscdn.net/images/goods_img/20191221/1255318/1255318_1_125.jpg,브로그앤머로우(BROGUE
B004005,C1255317,클래식 클러치백 (Khaki),https://image.msscdn.net/images/goods_img/20191221/1255317/1255317_1_125.jpg,브로그앤머로우(BROGUE
B004005,C1252439,훈민정음 클러치백(화이트),https://image.msscdn.net/images/goods_img/20191217/1252439/1252439_1_125.jpg,메이드한멋(MADEHANMUT)
B004005,C1242974,투톤 퍼 클러치 - yellow/navy,https://image.msscdn.net/images/goods_img/20191204/1242974/1242974_1_125.jpg,스토니
B004005,C1242972,심플 울 클러치 - gray,https://image.msscdn.net/images/goods_img/20191204/1242972/1242972_1_125.jpg,스토니
B004005,C1242971,심플 울 클러치 - khaki,https://image.msscdn.net/images/goods_img/20191204/1242971/1242971_1_125.jpg,스토니
B004005,C1242961,심플 울 클러치 - pink,https://image.msscdn.net/images/goods_img/20191204/1242961/1242961_1_125.jpg,스토니
B004005,C1242959,모직 클러치 - gray,https://image.msscdn.net/images/goods_img/20191204/1242959/1242959_1_125.jpg,스토니
B004005,C1242956,화이트 플라워 클러치 - white,https://image.msscdn.net/images/goods_img/20191204/1242956/1242956_1_125.jpg,스토니
B004005,C1242939,플라워 패턴 울 클러치 - gray,https://image.msscdn.net/images/goods_img/20191204/1242939/1242939_1_125.jpg,스토니
B004005,C1238827,CATENA CLUTCH,https://image.msscdn.net/images/goods_img/20191128/1238827/1238827_1_125.jpg,그랭드보떼(GRAIN
B004005,C1234106,클래식 클러치백 (Navy),https://image.msscdn.net/images/goods_img/20191122/1234106/1234106_1_125.jpg,브로그앤머로우(BROGUE
B004005,C1226797,A4.8 플랫백 [블랙],https://image.msscdn.net/images/goods_img/20191115/1226797/1226797_1_125.jpg,에이제로(AZERO)
B004005,C1226793,A4.8 플랫백 [그레이],https://image.msscdn.net/images/goods_img/20191115/1226793/1226793_1_125.jpg,에이제로(AZERO)
B004005,C1226788,A4.8 플랫백 [브라운],https://image.msscdn.net/images/goods_img/20191115/1226788/1226788_1_125.jpg,에이제로(AZERO)
B004005,C1224665,Smurfette _Coral,https://image.msscdn.net/images/goods_img/20191114/1224665/1224665_1_125.jpg,케네스영(KENNETH
B004005,C1224649,Smurfette _Blue,https://image.msscdn.net/images/goods_img/20191114/1224649/1224649_1_125.jpg,케네스영(KENNETH
B004005,C1224641,Smurfette _Black,https://image.msscdn.net/images/goods_img/20191114/1224641/1224641_1_125.jpg,케네스영(KENNETH
B004005,C1223991,PINO FOLDING CLUTCH (피노 폴딩 클러치) Brown,https://image.msscdn.net/images/goods_img/20191113/1223991/1223991_1_125.jpg,엘더블유엘(LWL)
B004005,C1223986,PINO FOLDING CLUTCH (피노 폴딩 클러치) Green,https://image.msscdn.net/images/goods_img/20191113/1223986/1223986_1_125.jpg,엘더블유엘(LWL)
B004005,C1223978,PINO FOLDING CLUTCH (피노 폴딩 클러치) Black,https://image.msscdn.net/images/goods_img/20191113/1223978/1223978_1_125.jpg,엘더블유엘(LWL)
B004005,C1223965,SEAL CLUTCH LIZARD (씰 클러치 리자드) Red,https://image.msscdn.net/images/goods_img/20191113/1223965/1223965_1_125.jpg,엘더블유엘(LWL)
B004005,C1223956,SEAL CLUTCH LIZARD (씰 클러치 리자드) Khaki,https://image.msscdn.net/images/goods_img/20191113/1223956/1223956_1_125.jpg,엘더블유엘(LWL)
B004005,C1223946,SEAL CLUTCH LIZARD (씰 클러치 리자드) Black,https://image.msscdn.net/images/goods_img/20191113/1223946/1223946_1_125.jpg,엘더블유엘(LWL)
B004005,C1214429,RUFFLE CLUTCH (러플 클러치) Olive Green,https://image.msscdn.net/images/goods_img/20191106/1214429/1214429_1_125.jpg,엘더블유엘(LWL)
B004005,C1214427,RUFFLE CLUTCH (러플 클러치) Coral,https://image.msscdn.net/images/goods_img/20191106/1214427/1214427_1_125.jpg,엘더블유엘(LWL)
B004005,C1214426,RUFFLE CLUTCH (러플 클러치) Yellow,https://image.msscdn.net/images/goods_img/20191106/1214426/1214426_1_125.jpg,엘더블유엘(LWL)
B004005,C1202319,SHOPPING BAG CLUTCH (LEOPARD) 쇼핑백클러치,https://image.msscdn.net/images/goods_img/20191025/1202319/1202319_1_125.jpg,크리스틴프로젝트(CHRISTINE
B004005,C1172970,Dot Lizard Mesh Bag Clutch (Ivory),https://image.msscdn.net/images/goods_img/20191001/1172970/1172970_1_125.jpg,오운유(OWNU)
B004005,C1127166,White Rooster Clutch Bag (3color),https://image.msscdn.net/images/goods_img/20190823/1127166/1127166_1_125.jpg,오운유(OWNU)
B004005,C1115721,스퀘어 미러 골드,https://image.msscdn.net/images/goods_img/20190811/1115721/1115721_1_125.jpg,홀리세턴즈(HOLLYSATUNS)
B004005,C1115720,스퀘어 미러 실버,https://image.msscdn.net/images/goods_img/20190811/1115720/1115720_1_125.jpg,홀리세턴즈(HOLLYSATUNS)
B004005,C1115703,스퀘어 러브 화이트,https://image.msscdn.net/images/goods_img/20190811/1115703/1115703_1_125.jpg,홀리세턴즈(HOLLYSATUNS)
B004005,C1115686,스퀘어 러브 블랙,https://image.msscdn.net/images/goods_img/20190811/1115686/1115686_1_125.jpg,홀리세턴즈(HOLLYSATUNS)
B004005,C1096266,홀로그램 사각 파우치,https://image.msscdn.net/images/goods_img/20190716/1096266/1096266_1_125.jpg,블랑블랙(BLANCBLACK)
B004005,C1090309,셔츠팩 트래블팩 블랙,https://image.msscdn.net/images/goods_img/20190704/1090309/1090309_1_125.jpg,헤이즈(HEYS)
B004005,C1080632,팜팜 파우치 가방,https://image.msscdn.net/images/goods_img/20190623/1080632/1080632_1_125.jpg,조에나(ZOENA)
B004005,C1080631,아월 파우치 가방,https://image.msscdn.net/images/goods_img/20190623/1080631/1080631_1_125.jpg,조에나(ZOENA)
B004005,C1070847,Dot Lizard Mesh Bag Clutch (Black),https://image.msscdn.net/images/goods_img/20190612/1070847/1070847_1_125.jpg,오운유(OWNU)
B004005,C1061896,MUSEUM LAPTOP POUCH 16 INCH (OLIVE DRAB) / UPCYCLED,https://image.msscdn.net/images/goods_img/20190603/1061896/1061896_16738533284153_125.jpg,카네이테이(KANEITEI)
B004005,C1061895,MUSEUM LAPTOP POUCH 13 INCH (OLIVE DRAB) / UPCYCLED,https://image.msscdn.net/images/goods_img/20190603/1061895/1061895_16738532851913_125.jpg,카네이테이(KANEITEI)
B004005,C1061866,TIGER FLAT POUCH XL (OLIVE DRAB) / UPCYCLED,https://image.msscdn.net/images/goods_img/20190603/1061866/1061866_16849038469911_125.jpg,카네이테이(KANEITEI)
B004005,C1061861,TIGER FLAT POUCH L (OLIVE DRAB) / UPCYCLED,https://image.msscdn.net/images/goods_img/20190603/1061861/1061861_16849041220629_125.jpg,카네이테이(KANEITEI)
B004005,C1061846,TIGER FLAT POUCH S (BEIGE) / UPCYCLED,https://image.msscdn.net/images/goods_img/20190602/1061846/1061846_1_125.jpg,카네이테이(KANEITEI)
B004005,C1035414,milan rover squares clutch_3 colors,https://image.msscdn.net/images/goods_img/20190506/1035414/1035414_17072929583202_125.jpg,포디어웍스(4DEAWORKS)
B004005,C1025394,Dot Lizard Mesh Bag Clutch (Pink),https://image.msscdn.net/images/goods_img/20190424/1025394/1025394_1_125.jpg,오운유(OWNU)
B004005,C1006662,SHOPPING BAG CLUTCH(GREEN OLIVE)  쇼핑백클러치,https://image.msscdn.net/images/goods_img/20190405/1006662/1006662_1_125.jpg,크리스틴프로젝트(CHRISTINE
B004005,C1001569,CLASSY 가죽 클러치 백(VIPAC003) 블랙,https://image.msscdn.net/images/goods_img/20190402/1001569/1001569_2_125.jpg,밴웍스(VANNWORKS)
B004005,C999901,오거닉섬머,https://image.msscdn.net/images/goods_img/20190329/999901/999901_1_125.jpg,준헤리티지(JUNEHERITAGE)
B004005,C991419,이태리 천연 소가죽 사피아노 클러치 (VIPAC002),https://image.msscdn.net/images/goods_img/20190322/991419/991419_1_125.jpg,밴웍스(VANNWORKS)
B004005,C982363,REINO 클러치 BLACK GO009005,https://image.msscdn.net/images/goods_img/20190314/982363/982363_2_125.jpg,쌤소나이트(SAMSONITE)
B004005,C981370,테리 클러치 백 블랙 [WPPK055](남녀공용),https://image.msscdn.net/images/goods_img/20190313/981370/981370_2_125.jpg,웍스페디션(WORKS
B004005,C935163,모노 클러치 - 베이지,https://image.msscdn.net/images/goods_img/20190117/935163/935163_1_125.jpg,세미코드(SEMICODE)
B004005,C935149,모노 클러치 - 와인,https://image.msscdn.net/images/goods_img/20190117/935149/935149_1_125.jpg,세미코드(SEMICODE)
B004005,C935130,모노 클러치 - 블랙,https://image.msscdn.net/images/goods_img/20190117/935130/935130_1_125.jpg,세미코드(SEMICODE)
B004005,C920448,메리노 무스탕 파우치-베이비 핑크,https://image.msscdn.net/images/goods_img/20181212/920448/920448_1_125.jpg,엘엠엔3011(LMN3011)
B004005,C920447,메리노 무스탕 클러치-베이비 핑크,https://image.msscdn.net/images/goods_img/20181212/920447/920447_1_125.jpg,엘엠엔3011(LMN3011)
B004005,C918900,IN&OUT 클러치 [Blue],https://image.msscdn.net/images/goods_img/20181207/918900/918900_1_125.jpg,어뮨(UMUN)
B004005,C918895,IN&OUT 클러치 [Orange],https://image.msscdn.net/images/goods_img/20181207/918895/918895_1_125.jpg,어뮨(UMUN)
B004005,C914370,Fly me to the moon-Green실버반달그린동그라미가죽클러치파우치디자이너가방,https://image.msscdn.net/images/goods_img/20181128/914370/914370_1_125.jpg,슈퍼문(SUPERMOON)
B004005,C913366,bieber clutch_4 colors,https://image.msscdn.net/images/goods_img/20181127/913366/913366_16964930026335_125.jpg,포디어웍스(4DEAWORKS)
B004005,C913264,Lunar eye-B블랙반달블루동그라미가죽클러치파우치디자이너가방,https://image.msscdn.net/images/goods_img/20181127/913264/913264_1_125.jpg,슈퍼문(SUPERMOON)
B004005,C912816,Lunar eye-P실버반달핑크동그라미가죽클러치파우치디자이너가방,https://image.msscdn.net/images/goods_img/20181126/912816/912816_1_125.jpg,슈퍼문(SUPERMOON)
B004005,C912642,트윙클 클러치백[블랙],https://image.msscdn.net/images/goods_img/20181126/912642/912642_1_125.jpg,슈퍼문(SUPERMOON)
B004005,C912638,Twinkle  gray,https://image.msscdn.net/images/goods_img/20181126/912638/912638_1_125.jpg,슈퍼문(SUPERMOON)
B004005,C912621,TWOTONE CLUTCH (투톤 클러치) Amaranto,https://image.msscdn.net/images/goods_img/20181126/912621/912621_1_125.jpg,엘더블유엘(LWL)
B004005,C912616,RUFFLE CLUTCH (러플 클러치) Oxygen,https://image.msscdn.net/images/goods_img/20181126/912616/912616_1_125.jpg,엘더블유엘(LWL)
B004005,C909036,Supermoon-S실버동그라미달가죽가방클러치파우치디자이너백,https://image.msscdn.net/images/goods_img/20181120/909036/909036_1_125.jpg,슈퍼문(SUPERMOON)
B004005,C909027,Supermoon-P보라퍼플동그라미달가죽가방클러치파우치디자이너백,https://image.msscdn.net/images/goods_img/20181120/909027/909027_1_125.jpg,슈퍼문(SUPERMOON)
B004005,C879464,왁스캔버스 데님 클러치 (블랙와치 왁스),https://image.msscdn.net/images/goods_img/20181012/879464/879464_1_125.jpg,브라스보트(BRASSBOATS)
B004005,C879446,왁스캔버스 브리티쉬 헌터그린 클러치 (올리브 왁스),https://image.msscdn.net/images/goods_img/20181012/879446/879446_1_125.jpg,브라스보트(BRASSBOATS)
B004005,C879444,왁스캔버스 카키 클러치 (올리브 왁스),https://image.msscdn.net/images/goods_img/20181012/879444/879444_1_125.jpg,브라스보트(BRASSBOATS)
B004005,C875375,ZIP CLUTCH(클러치)_Black,https://image.msscdn.net/images/goods_img/20181008/875375/875375_1_125.jpg,에가든(EGARDEN)
B004005,C875367,ZIP CLUTCH(클러치)_Dark Navy,https://image.msscdn.net/images/goods_img/20181008/875367/875367_1_125.jpg,에가든(EGARDEN)
B004005,C817027,PVC 타포린 클러치 방수 백(블루),https://image.msscdn.net/images/goods_img/20180718/817027/817027_1_125.jpg,엠엠아이씨(MMIC)
B004005,C799194,스트랩 레더 클러치_네이비,https://image.msscdn.net/images/goods_img/20180611/799194/799194_2_125.jpg,버빌리안(BUBILIAN)
B004005,C799193,스트랩 레더 클러치_카키,https://image.msscdn.net/images/goods_img/20180611/799193/799193_3_125.jpg,버빌리안(BUBILIAN)
B004005,C799192,스트랩 레더 클러치_버건디,https://image.msscdn.net/images/goods_img/20180611/799192/799192_2_125.jpg,버빌리안(BUBILIAN)
B004005,C799191,스트랩 레더 클러치_브라운,https://image.msscdn.net/images/goods_img/20180611/799191/799191_2_125.jpg,버빌리안(BUBILIAN)
B004005,C799190,스트랩 레더 클러치_레드,https://image.msscdn.net/images/goods_img/20180611/799190/799190_2_125.jpg,버빌리안(BUBILIAN)
B004005,C799189,스트랩 레더 클러치_카멜,https://image.msscdn.net/images/goods_img/20180611/799189/799189_2_125.jpg,버빌리안(BUBILIAN)
B004005,C799188,스트랩 레더 클러치_그레이,https://image.msscdn.net/images/goods_img/20180611/799188/799188_2_125.jpg,버빌리안(BUBILIAN)
B004005,C799187,스트랩 레더 클러치_베이지,https://image.msscdn.net/images/goods_img/20180611/799187/799187_2_125.jpg,버빌리안(BUBILIAN)
B004005,C799186,스트랩 레더 클러치_블랙,https://image.msscdn.net/images/goods_img/20180611/799186/799186_2_125.jpg,버빌리안(BUBILIAN)
B004005,C799176,스트랩 레더 클러치_실버,https://image.msscdn.net/images/goods_img/20180611/799176/799176_2_125.jpg,버빌리안(BUBILIAN)
B004005,C793928,A.C.L X-Ray Clutch Bag,https://image.msscdn.net/images/goods_img/20180604/793928/793928_3_125.jpg,에이
B004005,C698857,[매니퀸X벨라클로젯] 릴리 클러치백 카이맨블루,https://image.msscdn.net/images/goods_img/20180113/698857/698857_1_125.jpg,매니퀸(MANNEQUIN)
B004005,C698856,[매니퀸X벨라클로젯] 릴리 클러치백 카이맨그레이,https://image.msscdn.net/images/goods_img/20180113/698856/698856_1_125.jpg,매니퀸(MANNEQUIN)
B004005,C698855,[매니퀸X벨라클로젯] 릴리 클러치백 크로코네이비,https://image.msscdn.net/images/goods_img/20180113/698855/698855_1_125.jpg,매니퀸(MANNEQUIN)
B004005,C698854,[매니퀸X벨라클로젯] 릴리 클러치백 레오파드브라운,https://image.msscdn.net/images/goods_img/20180113/698854/698854_1_125.jpg,매니퀸(MANNEQUIN)
B004005,C698853,[매니퀸X벨라클로젯] 릴리 클러치백 레오파드네이비,https://image.msscdn.net/images/goods_img/20180113/698853/698853_1_125.jpg,매니퀸(MANNEQUIN)
B004005,C691949,[매니퀸] MQUIN - 루피 레더 클러치 브라운,https://image.msscdn.net/images/goods_img/20171224/691949/691949_1_125.jpg,매니퀸(MANNEQUIN)
B004005,C683888,오 빈티지 레더스 클러치,https://image.msscdn.net/images/goods_img/20171205/683888/683888_1_125.jpg,오그램(OGRAM)
B004005,C675209,밸류어블 클러치백_아이보리,https://image.msscdn.net/images/goods_img/20171121/675209/675209_1_125.jpg,에이멘테(AMENTE)
B004005,C675204,밸류어블 클러치백_블랙,https://image.msscdn.net/images/goods_img/20171121/675204/675204_1_125.jpg,에이멘테(AMENTE)
B004005,C674213,플라스크 x 카센티노 클러치 백  VER.2  limited edition 500,https://image.msscdn.net/images/goods_img/20171117/674213/674213_1_125.jpg,플라스크(FLASK)
B004005,C568801,(UNISEX)RE TS CLUTCH BAG(WHITE),https://image.msscdn.net/images/goods_img/20170601/568801/568801_1_125.jpg,러브이즈트루(LUVISTRUE)
B004005,C496690,rapo_5 colors,https://image.msscdn.net/images/goods_img/20170310/496690/496690_17067724348394_125.jpg,포디어웍스(4DEAWORKS)
B004005,C496660,LW 칼라일,https://image.msscdn.net/images/goods_img/20170310/496660/496660_16796404293746_125.jpg,포디어웍스(4DEAWORKS)
B004005,C495823,Collaboration 275c X D.LAB CLUTCH. 777 클러치,https://image.msscdn.net/images/goods_img/20170309/495823/495823_2_125.jpg,디랩(D.LAB)
B004005,C485443,3D 클러치_사각,https://image.msscdn.net/images/goods_img/20170217/485443/485443_1_125.jpg,코지콤마(COZYCOMMA)
B004005,C485437,3D 클러치_오각,https://image.msscdn.net/images/goods_img/20170217/485437/485437_1_125.jpg,코지콤마(COZYCOMMA)
B004005,C462385,HADI CLUTCH_blue,https://image.msscdn.net/images/goods_img/20161212/462385/462385_1_125.jpg,빠담뷰(PADAM
B004005,C462373,LUNCH CLUTCH_violet,https://image.msscdn.net/images/goods_img/20161212/462373/462373_1_125.jpg,빠담뷰(PADAM
B004005,C460320,모노 클러치 (BEIGE),https://image.msscdn.net/images/goods_img/20161208/460320/460320_1_125.jpg,지플랫(G-FLAT)
B004005,C379325,BW Cube Clutch,https://image.msscdn.net/images/goods_img/20160701/379325/379325_1_125.jpg,엠프티레이블(Emp.T
B004005,C361725,그레이트위 클러치,https://image.msscdn.net/images/goods_img/20160530/361725/361725_1_125.jpg,니쥬샵(NEEDUSHOP)
B004005,C344718,스트라이프 데님 클러치(블랙),https://image.msscdn.net/images/goods_img/20160428/344718/344718_1_125.jpg,니쥬샵(NEEDUSHOP)
B004005,C286484,Wording Clutch Bag-Simple & Plain(CT10200215C),https://image.msscdn.net/images/goods_img/20151130/286484/286484_1_125.jpg,컨셉츄얼(CONCEPTUAL)
B004005,C265127,슬림클러치 Slim clutch (db) JB812-007,https://image.msscdn.net/images/goods_img/20151019/265127/265127_4_125.jpg,듀제스(DUJES)
B004005,C265126,슬림클러치 Slim clutch (n) JB812-007,https://image.msscdn.net/images/goods_img/20151019/265126/265126_4_125.jpg,듀제스(DUJES)
B004005,C221653,2 way 클러치백,https://image.msscdn.net/images/goods_img/20150629/221653/221653_1_125.jpg,인마이파크(IN
B004005,C204312,네오플렌 클러치 핑크,https://image.msscdn.net/images/goods_img/20150522/204312/204312_1_125.jpg,라피예뜨(LA
B004005,C204305,홀로데님 클러치 오렌지,https://image.msscdn.net/images/goods_img/20150522/204305/204305_1_125.jpg,라피예뜨(LA
B004005,C204303,홀로데님 클러치 그린,https://image.msscdn.net/images/goods_img/20150522/204303/204303_1_125.jpg,라피예뜨(LA
B004005,C187667,쁘띠 턱시도,https://image.msscdn.net/images/goods_img/20150418/187667/187667_1_125.jpg,엠프티레이블(Emp.T
B004005,C187663,업사이드다운.T,https://image.msscdn.net/images/goods_img/20150418/187663/187663_1_125.jpg,엠프티레이블(Emp.T
B004005,C187662,리자드.T - 블랙,https://image.msscdn.net/images/goods_img/20150418/187662/187662_1_125.jpg,엠프티레이블(Emp.T
B004005,C187655,블랙페블,https://image.msscdn.net/images/goods_img/20150418/187655/187655_1_125.jpg,엠프티레이블(Emp.T
B004005,C187645,홀로그램-BB,https://image.msscdn.net/images/goods_img/20150418/187645/187645_1_125.jpg,엠프티레이블(Emp.T
B004005,C163865,CLUTCH BAG - YG1001-C 빗,https://image.msscdn.net/images/goods_img/20150213/163865/163865_1_125.jpg,옐로우스톤(YELLOWSTONE)
B004005,C163864,CLUTCH BAG - YG1001-B 리본,https://image.msscdn.net/images/goods_img/20150213/163864/163864_1_125.jpg,옐로우스톤(YELLOWSTONE)
B004005,C163863,CLUTCH BAG - YG1001-A 향수,https://image.msscdn.net/images/goods_img/20150213/163863/163863_1_125.jpg,옐로우스톤(YELLOWSTONE)
B004005,C161419,GORGEOUS DENIM CLUTCH (LIGHT BLUE),https://image.msscdn.net/images/goods_img/20150204/161419/161419_1_125.jpg,피스메이커(PIECE
B004005,C90766,BLUEY DINOSAUR CLUTCH,https://image.msscdn.net/images/goods_img/20140509/90766/90766_1_125.jpg,블루이(BLUEY)
B004005,C90763,BLUEY MUSIC CLUTCH,https://image.msscdn.net/images/goods_img/20140509/90763/90763_1_125.jpg,블루이(BLUEY)
B004005,C86529,STAY GOLD CLUTCH BAG,https://image.msscdn.net/images/goods_img/20140419/86529/86529_1_125.jpg,리쿼브랜드(LIQUOR
B004005,C86528,SWITCH ROSE CLUTCH BAG,https://image.msscdn.net/images/goods_img/20140419/86528/86528_1_125.jpg,리쿼브랜드(LIQUOR
B004005,C26701,BLUEY CLUTCH BAG BROWN,https://image.msscdn.net/images/goods_img/20121127/26701/26701_1_125.jpg,블루이(BLUEY)
B004005,C26700,BLUEY CLUTCH BAG BLACK,https://image.msscdn.net/images/goods_img/20121127/26700/26700_1_125.jpg,블루이(BLUEY)
